[Licensing::Module] Trying to connect to existing licensing client channel...
Built from '6000.5/staging' branch; Version is '6000.5.3f1 (c2eb47b3a2a9) revision 12774215'; Using compiler version '194234433'; Build Type 'Release'
[Licensing::IpcConnector] Successfully connected to: "LicenseClient-marke" at "2026-07-17T17:36:50.9839349Z"
OS: 'Windows 11  (10.0.26200) CoreSingleLanguage' Language: 'en' Physical Memory: 16160 MB
BatchMode: 0, IsHumanControllingUs: 1, StartBugReporterOnCrash: 1, Is64bit: 1
System  architecture: x64
Process architecture: x64
Date: 2026-07-17T17:36:50Z

COMMAND LINE ARGUMENTS:
C:\Program Files\Unity\Hub\Editor\6000.5.3f1\Editor\Unity.exe
-projectpath
D:\Assets
-acceptSoftwareTermsForThisRunOnly
-useHub
-hubIPC
-cloudEnvironment
production
-licensingIpc
LicenseClient-marke
-hubSessionId
40c1ec6d-4e2a-4ea4-8f9d-c1507227e64f
-accessToken
GSNMVCZw3uXKnLO18sPA37zUBr59mhgngcuATH3BnOY011f
Successfully changed project path to: D:\Assets
D:/Assets
[UnityMemory] Configuration Parameters - Can be set up in boot.config
    "memorysetup-temp-allocator-size-gi-baking-worker=262144"
    "memorysetup-temp-allocator-size-gi-baking-worker=262144"
    "memorysetup-temp-allocator-size-gi-baking-worker=262144"
    "memorysetup-temp-allocator-size-gi-baking-worker=262144"
    "memorysetup-temp-allocator-size-gi-baking-worker=262144"
    "memorysetup-temp-allocator-size-nav-mesh-worker=65536"
    "memorysetup-temp-allocator-size-audio-worker=65536"
    "memorysetup-temp-allocator-size-cloud-worker=32768"
    "memorysetup-temp-allocator-size-gfx=262144"
    "memorysetup-temp-allocator-size-preload-manager=33554432"
    "memorysetup-allocator-temp-initial-block-size-main=262144"
    "memorysetup-allocator-temp-initial-block-size-worker=262144"
    "memorysetup-temp-allocator-size-job-worker=262144"
    "memorysetup-temp-allocator-size-background-worker=32768"
    "memorysetup-bucket-allocator-granularity=16"
    "memorysetup-bucket-allocator-bucket-count=8"
    "memorysetup-bucket-allocator-block-size=33554432"
    "memorysetup-bucket-allocator-block-count=8"
    "memorysetup-main-allocator-block-size=16777216"
    "memorysetup-thread-allocator-block-size=16777216"
    "memorysetup-main-allocator-mimalloc-enabled=0"
    "memorysetup-gfx-main-allocator-block-size=16777216"
    "memorysetup-gfx-thread-allocator-block-size=16777216"
    "memorysetup-cache-allocator-block-size=4194304"
    "memorysetup-typetree-allocator-block-size=2097152"
    "memorysetup-profiler-bucket-allocator-granularity=16"
    "memorysetup-profiler-bucket-allocator-bucket-count=8"
    "memorysetup-profiler-bucket-allocator-block-size=33554432"
    "memorysetup-profiler-bucket-allocator-block-count=8"
    "memorysetup-profiler-allocator-block-size=16777216"
    "memorysetup-profiler-editor-allocator-block-size=1048576"
    "memorysetup-temp-allocator-size-main=16777216"
    "memorysetup-job-temp-allocator-block-size=2097152"
    "memorysetup-job-temp-allocator-block-size-background=1048576"
    "memorysetup-job-temp-allocator-reduction-small-platforms=262144"
Player connection [21512]  Target information:

Player connection [21512]  * "[IP] 192.168.1.4 [Port] 55504 [Flags] 2 [Guid] 3788036730 [EditorId] 3788036730 [Version] 1048832 [Id] WindowsEditor(7,Martin) [Debug] 1 [PackageName] WindowsEditor [ProjectName] Editor" 

Player connection [21512] Host joined multi-casting on [225.0.0.222:54997]...
Player connection [21512] Host joined alternative multi-casting on [225.0.0.222:34997]...
Input System module state changed to: Initialized.
[Physics::Module] Initialized fallback backend.
[Physics::Module] Id: 0xdecafbad
[Package Manager] Connected to IPC stream "Upm-28056" after 0.5 seconds.
[Licensing::Module] Licensing is not yet initialized.
[Licensing::Client] Error: HandshakeResponse reported an error:
	ResponseCode: 505
	ResponseStatus: Unsupported protocol version '1.18.1'.
[Licensing::Module] Error: Failed to handshake to channel: "LicenseClient-marke"
[Licensing::IpcConnector] LicenseClient-marke channel disconnected successfully.
[Licensing::IpcConnector] Channel LicenseClient-marke-6000.5.3 doesn't exist
[Licensing::Module] Successfully launched the LicensingClient (PId: 30712)
Starting IPC server.
Waiting for clients to connect on \\.\pipe\Unity-LicenseClient-marke-6000.5.3, press Ctrl-C to exit.
[Licensing::IpcConnector] Successfully connected to: "LicenseClient-marke-6000.5.3" at "2026-07-17T17:36:59.5158742Z"
[Licensing::Client] Code 10 while verifying Licensing Client signature (process Id: 30712, path: "C:/Program Files/Unity/Hub/Editor/6000.5.3f1/Editor/Data/Resources/Licensing/Client/Unity.Licensing.Client.exe")
[Licensing::Module] LicensingClient has failed validation; ignoring
[Licensing::Client] Handshaking with LicensingClient:
  Version:                 1.18.1+9fbee8e
  Session Id:              f5e6b313c46f47d0a87f551921c238c6
  Correlation Id:          a79de84c1c40318053f55351a3894e3d
  External correlation Id: 3323368701134554736
  Machine Id:              T+uDfq/VvOzJNclZh7s/fZ6wxvY=
[Licensing::Module] Successfully connected to LicensingClient on channel: "LicenseClient-marke-6000.5.3" (connect: 4.37s, validation: 0.26s, handshake: 0.01s)
[Licensing::IpcConnector] Successfully connected to: "LicenseClient-marke-6000.5.3-notifications" at "2026-07-17T17:36:59.7884994Z"
[Licensing::Module] Connected to LicensingClient (PId: 30712, launch time: 0.01, total connection time: 4.64s)
[Licensing::Client] Successfully updated the access token
[Licensing::Module] Successfully updated the access token GSNMVCZw3u...
[Licensing::Client] Successfully resolved entitlement details
[Licensing::Module] License group:
  Id: 18968464990387-UnityPersXXXX
  Product: Unity Personal
  Type: Assigned
  Expiration: Unlimited
[Licensing::Client] Successfully updated license, isAsync: True, time: 0.02
[Licensing::Client] Successfully resolved entitlement details
[Licensing::Module] Licensing Background thread has ended after 8.85s
[Licensing::Module] Licensing is initialized (took 5.88s).
[Licensing::Client] Successfully resolved entitlement details
Library Redirect Path: Library/
Default GameObject Tag: Player already registered
YAML error in 'ProjectSettings/ProjectSettings.asset' - Unexpected scalar when reading mapping.
[Physics::Module] Selected backend.
[Physics::Module] Name: PhysX
[Physics::Module] Id: 0xf2b8ea05
[Physics::Module] SDK Version: 4.1.2
[Physics::Module] Integration Version: 1.0.0
[Physics::Module] Threading Mode: Multi-Threaded
Artifact Garbage Collection - Removed 1 unused hashed content files
Initialize engine version: 6000.5.3f1 (c2eb47b3a2a9)
[Subsystems] Discovering subsystems at path C:/Program Files/Unity/Hub/Editor/6000.5.3f1/Editor/Data/Resources/UnitySubsystems
[Subsystems] Discovering subsystems at path D:/Assets/Assets
[D3D12 Device Filter] Vendor Name: Intel
[D3D12 Device Filter] Device Name: Intel(R) UHD Graphics
[D3D12 Device Filter] Driver Version: 30.0.101.1994
[D3D12 Device Filter] Feature Level: 12.1
[D3D12 Device Filter] Graphics Memory: 8080 MB
[D3D12 Device Filter] Processor Count: 8
[D3D12 Device Filter] Device Type: Integrated
[D3D12 Device Filter] D3D12 API denied by user filter: {"Vendor": "Intel", "Device Type:": Integrated}
GfxDevice: creating device client; kGfxThreadingModeThreaded
Direct3D:
    Version:  Direct3D 11.0 [level 11.1]
    Renderer: Intel(R) UHD Graphics (ID=0x9bc4)
    Vendor:   Intel
    VRAM:     8080 MB
    Driver:   30.0.101.1994
Initialize mono
Mono path[0] = 'C:/Program Files/Unity/Hub/Editor/6000.5.3f1/Editor/Data/Managed'
Mono path[1] = 'C:/Program Files/Unity/Hub/Editor/6000.5.3f1/Editor/Data/BCLExtensions/runtime/netstandard2.1'
Mono path[2] = 'C:/Program Files/Unity/Hub/Editor/6000.5.3f1/Editor/Data/MonoBleedingEdge/lib/mono/unityjit-win32'
Mono config path = 'C:/Program Files/Unity/Hub/Editor/6000.5.3f1/Editor/Data/MonoBleedingEdge/etc'
Using monoOptions --debugger-agent=transport=dt_socket,embedding=1,server=y,suspend=n,address=127.0.0.1:56056
CodeReloadManager initialized
ImportWorker Server TCP listen port: 0
AcceleratorClientConnectionCallback - disconnected - :0
Begin MonoManager ReloadAssembly
Registering precompiled unity dll's ...
Register platform support module: C:/Program Files/Unity/Hub/Editor/6000.5.3f1/Editor/Data/PlaybackEngines/WindowsStandaloneSupport/UnityEditor.WindowsStandalone.Extensions.dll
Registered in 0.363749 seconds.
Native extension for WindowsStandalone target not found
Package Manager log level set to [2]
ScheduleIndexationOnStartup MainProcess:False IndexOnStartup:True
Mono: successfully reloaded assembly
- Finished resetting the current domain, in  0.708 seconds
Domain Reload Profiling: 4154ms
	BeginReloadAssembly (439ms)
		CreateAndSetChildDomain (29ms)
	RebuildCommonClasses (9ms)
	RebuildNativeTypeToScriptingClass (346ms)
	initialDomainReloadingComplete (642ms)
	LoadAllAssembliesAndSetupDomain (2006ms)
		LoadAssemblies (403ms)
		AnalyzeDomain (1902ms)
			TypeCache.Refresh (1900ms)
				TypeCache.ScanAssembly (1522ms)
	FinalizeReload (713ms)
		SetupLoadedEditorAssemblies (0ms)
			BeforeProcessingInitializeOnLoad (122ms)
			ProcessInitializeOnLoadAttributes (214ms)
			ProcessInitializeOnLoadMethodAttributes (269ms)
[Licensing::Client] Successfully resolved entitlement details
Application.AssetDatabase Initial Refresh Start
[Package Manager] Restoring resolved packages state from cache
[Licensing::Client] Successfully resolved entitlement details
[Package Manager] Registered 42 packages:
  Packages from [https://packages.unity.com]:
    com.unity.ide.visualstudio@2.0.27 (location: D:\Assets\Library\PackageCache\com.unity.ide.visualstudio@dc1ddd4f09b6)
    com.unity.ide.rider@3.0.40 (location: D:\Assets\Library\PackageCache\com.unity.ide.rider@e4950c6d131b)
    com.unity.editorcoroutines@1.1.0 (location: D:\Assets\Library\PackageCache\com.unity.editorcoroutines@87a15ed012c2)
    com.unity.performance.profile-analyzer@1.4.0 (location: D:\Assets\Library\PackageCache\com.unity.performance.profile-analyzer@2bb26871883c)
    com.unity.testtools.codecoverage@1.3.0 (location: D:\Assets\Library\PackageCache\com.unity.testtools.codecoverage@19a841221620)
    com.unity.settings-manager@2.1.1 (location: D:\Assets\Library\PackageCache\com.unity.settings-manager@0b8638c5ce86)
  Built-in packages:
    com.unity.feature.development@1.0.2 (location: D:\Assets\Library\PackageCache\com.unity.feature.development@767aadbc6eb7)
    com.unity.textmeshpro@5.0.0 (location: D:\Assets\Library\PackageCache\com.unity.textmeshpro@53f43edfd2e0)
    com.unity.ugui@2.5.0 (location: D:\Assets\Library\PackageCache\com.unity.ugui@377fd60ad87b)
    com.unity.modules.ai@1.0.0 (location: D:\Assets\Library\PackageCache\com.unity.modules.ai)
    com.unity.modules.androidjni@1.0.0 (location: D:\Assets\Library\PackageCache\com.unity.modules.androidjni)
    com.unity.modules.animation@1.0.0 (location: D:\Assets\Library\PackageCache\com.unity.modules.animation)
    com.unity.modules.assetbundle@1.0.0 (location: D:\Assets\Library\PackageCache\com.unity.modules.assetbundle)
    com.unity.modules.audio@1.0.0 (location: D:\Assets\Library\PackageCache\com.unity.modules.audio)
    com.unity.modules.imageconversion@1.0.0 (location: D:\Assets\Library\PackageCache\com.unity.modules.imageconversion)
    com.unity.modules.imgui@1.0.0 (location: D:\Assets\Library\PackageCache\com.unity.modules.imgui)
    com.unity.modules.jsonserialize@1.0.0 (location: D:\Assets\Library\PackageCache\com.unity.modules.jsonserialize)
    com.unity.modules.particlesystem@1.0.0 (location: D:\Assets\Library\PackageCache\com.unity.modules.particlesystem)
    com.unity.modules.physics@1.0.0 (location: D:\Assets\Library\PackageCache\com.unity.modules.physics)
    com.unity.modules.physics2d@1.0.0 (location: D:\Assets\Library\PackageCache\com.unity.modules.physics2d)
    com.unity.modules.screencapture@1.0.0 (location: D:\Assets\Library\PackageCache\com.unity.modules.screencapture)
    com.unity.modules.terrain@1.0.0 (location: D:\Assets\Library\PackageCache\com.unity.modules.terrain)
    com.unity.modules.terrainphysics@1.0.0 (location: D:\Assets\Library\PackageCache\com.unity.modules.terrainphysics)
    com.unity.modules.tilemap@1.0.0 (location: D:\Assets\Library\PackageCache\com.unity.modules.tilemap)
    com.unity.modules.ui@1.0.0 (location: D:\Assets\Library\PackageCache\com.unity.modules.ui)
    com.unity.modules.uielements@1.0.0 (location: D:\Assets\Library\PackageCache\com.unity.modules.uielements)
    com.unity.modules.umbra@1.0.0 (location: D:\Assets\Library\PackageCache\com.unity.modules.umbra)
    com.unity.modules.unityanalytics@1.0.0 (location: D:\Assets\Library\PackageCache\com.unity.modules.unityanalytics)
    com.unity.modules.unitywebrequest@1.0.0 (location: D:\Assets\Library\PackageCache\com.unity.modules.unitywebrequest)
    com.unity.modules.unitywebrequestassetbundle@1.0.0 (location: D:\Assets\Library\PackageCache\com.unity.modules.unitywebrequestassetbundle)
    com.unity.modules.unitywebrequestaudio@1.0.0 (location: D:\Assets\Library\PackageCache\com.unity.modules.unitywebrequestaudio)
    com.unity.modules.unitywebrequesttexture@1.0.0 (location: D:\Assets\Library\PackageCache\com.unity.modules.unitywebrequesttexture)
    com.unity.modules.unitywebrequestwww@1.0.0 (location: D:\Assets\Library\PackageCache\com.unity.modules.unitywebrequestwww)
    com.unity.modules.vehicles@1.0.0 (location: D:\Assets\Library\PackageCache\com.unity.modules.vehicles)
    com.unity.modules.video@1.0.0 (location: D:\Assets\Library\PackageCache\com.unity.modules.video)
    com.unity.modules.wind@1.0.0 (location: D:\Assets\Library\PackageCache\com.unity.modules.wind)
    com.unity.modules.xr@1.0.0 (location: D:\Assets\Library\PackageCache\com.unity.modules.xr)
    com.unity.modules.subsystems@1.0.0 (location: D:\Assets\Library\PackageCache\com.unity.modules.subsystems)
    com.unity.modules.hierarchycore@1.0.0 (location: D:\Assets\Library\PackageCache\com.unity.modules.hierarchycore)
    com.unity.modules.physicscore2d@1.0.0 (location: D:\Assets\Library\PackageCache\com.unity.modules.physicscore2d)
    com.unity.test-framework@1.7.0 (location: D:\Assets\Library\PackageCache\com.unity.test-framework@1405238725ab)
    com.unity.ext.nunit@2.1.0 (location: D:\Assets\Library\PackageCache\com.unity.ext.nunit@44f7d31723bd)
[Package Manager] com.unity.textmeshpro is deprecated: This package is no longer supported. TextMeshPro functionalities are now included in the com.unity.ugui package. To continue using them, consider adding it to your project dependencies.
[Subsystems] No new subsystems found in resolved package list.
[Package Manager] Done registering packages in 0.03 seconds
info: Microsoft.Hosting.Lifetime[14]
      Now listening on: http://localhost:80
info: Microsoft.Hosting.Lifetime[0]
      Application started. Press Ctrl+C to shut down.
info: Microsoft.Hosting.Lifetime[0]
      Hosting environment: Production
info: Microsoft.Hosting.Lifetime[0]
      Content root path: D:\Assets
info: Microsoft.AspNetCore.Hosting.Diagnostics[1]
      Request starting HTTP/2 POST http://ilpp/UnityILPP.PostProcessing/Ping - application/grpc -
info: Microsoft.AspNetCore.Routing.EndpointMiddleware[0]
      Executing endpoint 'gRPC - /UnityILPP.PostProcessing/Ping'
info: Microsoft.AspNetCore.Routing.EndpointMiddleware[1]
      Executed endpoint 'gRPC - /UnityILPP.PostProcessing/Ping'
info: Microsoft.AspNetCore.Hosting.Diagnostics[2]
      Request finished HTTP/2 POST http://ilpp/UnityILPP.PostProcessing/Ping - 200 - application/grpc 37.0871ms
Starting: C:\Program Files\Unity\Hub\Editor\6000.5.3f1\Editor\Data\Tools\BuildPipeline\bee_backend.exe --ipc --defer-dag-verification --dagfile="Library/Bee/1900b0aE.dag" --continue-on-failure --profile="Library/Bee/backend1.traceevents" ScriptAssemblies
WorkingDir: D:/Assets
ExitCode: 0 Duration: 0s563ms
*** Tundra build success (0.37 seconds), 0 items updated, 303 evaluated
AssetDatabase: script compilation time: 1.649146s
Begin MonoManager ReloadAssembly
Native extension for WindowsStandalone target not found
ScheduleIndexationOnStartup MainProcess:True IndexOnStartup:True
Mono: successfully reloaded assembly
- Finished resetting the current domain, in  0.714 seconds
Domain Reload Profiling: 2782ms
	BeginReloadAssembly (442ms)
		DisableScriptedObjects (81ms)
		CreateAndSetChildDomain (156ms)
	RebuildCommonClasses (10ms)
	RebuildNativeTypeToScriptingClass (23ms)
	initialDomainReloadingComplete (66ms)
	LoadAllAssembliesAndSetupDomain (1523ms)
		LoadAssemblies (1353ms)
		AnalyzeDomain (175ms)
			TypeCache.Refresh (158ms)
				TypeCache.ScanAssembly (151ms)
			BuildScriptInfoCaches (12ms)
	FinalizeReload (717ms)
		SetupLoadedEditorAssemblies (0ms)
			InitializePlatformSupportModulesInManaged (3ms)
			BeforeProcessingInitializeOnLoad (123ms)
			ProcessInitializeOnLoadAttributes (248ms)
			ProcessInitializeOnLoadMethodAttributes (118ms)
			AfterProcessingInitializeOnLoad (14ms)
		AwakeInstancesAfterBackupRestoration (28ms)
Starting new worker id: 0 with log in D:/Assets/Logs/AssetImportWorkerHW0.log

Asset Pipeline Refresh (id=aab247a907dd19d479f8c9754370f32e): Total: 9.683 seconds - Initiated by InitialRefreshV2(ForceSynchronousImport)
	(Values over 0.05ms)
	Summary:
		Imports: total=0 (actual=0, local cache=0, cache server=0)
		Asset DB Process Time: managed=0 ms, native=5591 ms
		Asset DB Callback time: managed=171 ms, native=100 ms
		Scripting: domain reloads=1, domain reload time=2125 ms, compile time=1654 ms, other=39 ms
		Project Asset Count: scripts=408, non-scripts=1006
		Asset File Changes: new=0, changed=0, moved=0, deleted=0
		Scan Filter Count: 0
	InvokePackagesCallback: 106.705ms
	ApplyChangesToAssetFolders: 0.836ms
	Scan: 55.509ms
	Collect global state as custom dependencies: 0.575ms
	CategorizeScriptCompilationAssets: 1333.609ms
	ProcessAssetsWithTransientArtifactChanges: 16.451ms
	CategorizeAssets: 16.411ms
	CompileScripts: 1653.975ms
	ImportOutOfDateAssets: 743.554ms (721.393ms without children)
		UnloadImportedAssets: 0.145ms
		EnsureUptoDateAssetsAreRegisteredWithGuidPM: 0.396ms
		ImportSchedulerStart: 21.615ms
	PostProcessAllAssets: 171.595ms
		MonoPostProcessAllAssets: 171.528ms
			SyncVS.PostprocessSyncProject 146.040ms
			WindowAssetPostprocessingWatcher.OnPostprocessAllAssets 13.100ms
			EditModeScopePostprocessor.OnPostprocessAllAssets 1.000ms
			SpeedTree9Postprocessor.OnPostprocessAllAssets 0.879ms
			ReferencedClipsPostProcessor.OnPostprocessAllAssets 0.316ms
			TerrainToolbarOverlayPostProcessor.OnPostprocessAllAssets 0.256ms
			AssetDatabaseCallbacks.OnPostprocessAllAssets 0.193ms
			RenderPipelineGlobalSettingsPostprocessor.OnPostprocessAllAssets 0.088ms
	UnloadStreamsBegin: 2.876ms
	GenerateScriptTypeHashes: 3.194ms
	GenerateScriptTypeSerializationHashes: 8.963ms
	Untracked: 5511.073ms

Application.AssetDatabase Initial Refresh End
Launched and connected shader compiler UnityShaderCompiler.exe after 0.07 seconds
Scanning for USB devices : 4.011ms
Initializing Unity extensions:
[MODES] ModeService[none].Initialize
[MODES] ModeService[none].LoadModes
[MODES] Loading mode Default (0) for mode-current-id-MetaEdu Campus
Unloading 2 Unused Serialized files (Serialized files now loaded: 0)
Loaded scene 'Assets/_Project/Scenes/campusyard.unity'
	Deserialize:            71.956 ms
	Integration:            1001.617 ms
	Integration of assets:  0.032 ms
	Thread Wait Time:       -0.005 ms
	Total Operation Time:   1073.600 ms
Unloading 1021 unused Assets / (1.1 MB). Loaded Objects now: 2166.
Memory consumption went from 235.9 MB to 234.8 MB.
Total: 11.723100 ms (FindLiveObjects: 0.321200 ms CreateObjectMapping: 0.451500 ms MarkObjects: 9.495500 ms  DeleteObjects: 1.286500 ms)

[LAYOUT] About to load UserSettings\Layouts\default-6000.dwlt, keepMainWindow=False
Worker ready: AssetImportWorkerHW0 0
[LAYOUT] About to save layout D:\Assets\UserSettings\Layouts\default-6000.dwlt
[LAYOUT] About to save layout C:/Users/marke/AppData/Roaming/Unity/Editor-5.x/Preferences\Layouts\current\default-6000.dwlt
[MODES] ModeService[default].InitializeCurrentMode
[MODES] ModeService[default].RaiseModeChanged(default, default)
This project uses Input Manager, which is marked for deprecation. To manage input in your project, use the <a href="https://docs.unity3d.com/Packages/com.unity.inputsystem@latest">Input System package</a> instead.
<RI> Initializing input.
<RI> Input initialized.
[Project] Loading completed in 43.201 seconds
	Project init time: 				40.178 seconds
		Template init time: 		0.000 seconds
		Package Manager init time: 		6.360 seconds
		Asset Database init time: 		2.310 seconds
		Global illumination init time: 	0.034 seconds
		Assemblies load time: 			16.034 seconds
		Unity extensions init time: 	0.006 seconds
		Asset Database refresh time: 	9.684 seconds
	Scene opening time: 			2.698 seconds
##utp:{"type":"ProjectInfo","version":2,"phase":"Immediate","time":1784309854154,"processId":28056,"projectLoad":43.201045,"projectInit":40.1780525,"templateInit":0.0,"packageManagerInit":6.3600873,"assetDatabaseInit":2.3098788,"globalIlluminationInit":0.0340815,"assembliesLoad":16.0335845,"unityExtensionsInit":0.0057745,"assetDatabaseRefresh":9.6837022,"sceneOpening":2.6977785}
##utp:{"type":"EditorInfo","version":2,"phase":"Immediate","time":1784309854155,"processId":28056,"editorVersion":"6000.5.3f1 (c2eb47b3a2a9)","branch":"6000.5/staging","buildType":"Release","platform":"Windows"}
Asset Pipeline Refresh (id=192cc3acd9ba9484c86c4607fe0a4972): Total: 0.083 seconds - Initiated by RefreshV2(AllowForceSynchronousImport)
Dynamic Batching is deprecated and will be removed in a future release. Use GPU Instancing instead. Disable Dynamic Batching in Project Settings > Player > Other Settings to remove this warning.
UnityEngine.Debug:ExtractStackTraceNoAlloc (byte*,int,string)
UnityEngine.StackTraceUtility:ExtractStackTrace ()
UnityEngine.DebugLogHandler:Internal_Log (UnityEngine.LogType,UnityEngine.LogOption,string,UnityEngine.Object)
UnityEngine.DebugLogHandler:LogFormat (UnityEngine.LogType,UnityEngine.Object,string,object[])
UnityEngine.Logger:Log (UnityEngine.LogType,object)
UnityEngine.Debug:LogWarning (object)
UnityEditor.PlayerSettingsBatchingWarning:WarnIfDynamicBatchingEnabled ()
UnityEditor.EditorApplication:Internal_CallUpdateFunctions ()

Start Indexing on Editor startup
[Indexing] Starting Initial Indexing for Assets
Created GICache directory at C:/Users/marke/AppData/LocalLow/Unity/Caches/GiCache. Took: 0.037s, timestamps: [46.172 - 46.209]
[Licensing::Client] Successfully resolved entitlement details
[Licensing::Client] Successfully updated the access token
[Licensing::Module] Successfully updated access token: "GSNMVCZw"... (expires: 2026-07-17T18:54:25Z)
[Licensing::Client] Successfully resolved entitlement details
TrimDiskCacheJob: Current cache size 118mb
Importing 'GUID: f5249a0743f9103438eeec0100e66acb - Path: Assets/_Project/Scenes/campusyard.unity' with importer (DefaultImporter)
Imported 'GUID: f5249a0743f9103438eeec0100e66acb' -> (Import Result ID: '53c682b1ee467f712775103ee6ddfb07') in 0.021 seconds [static dependencies only]. Details - ImportResultOutputID=6e485b7b5c8f530b72fa90850243bf66 DependenciesID=9acc0353f1e48422b7a30c9c7e05c2bb StaticDependenciesID=fff19afe687f18a195f0234ef76a54f6 
Asset Pipeline Refresh (id=58b7bc1c42aa2774db08608ae7ec0de2): Total: 0.102 seconds - Initiated by RefreshV2(AllowForceSynchronousImport)
Opening scene 'Assets/_Project/Scenes/campusyard.unity'
Unloading 0 Unused Serialized files (Serialized files now loaded: 0)
Loaded scene 'Assets/_Project/Scenes/campusyard.unity'
	Deserialize:            2.977 ms
	Integration:            20.604 ms
	Integration of assets:  0.002 ms
	Thread Wait Time:       0.061 ms
	Total Operation Time:   23.645 ms
Unloading 18 unused Assets / (62.5 KB). Loaded Objects now: 3148.
Memory consumption went from 396.2 MB to 396.2 MB.
Total: 15.749800 ms (FindLiveObjects: 0.268700 ms CreateObjectMapping: 0.141400 ms MarkObjects: 15.261300 ms  DeleteObjects: 0.076800 ms)

Starting new worker id: 1 with log in D:/Assets/Logs/AssetImportWorkerHW1.log
Launched and connected shader compiler UnityShaderCompiler.exe after 0.05 seconds
Launched and connected shader compiler UnityShaderCompiler.exe after 0.02 seconds
Launched and connected shader compiler UnityShaderCompiler.exe after 0.03 seconds
[Worker0] Imported GUID: f5249a0743f9103438eeec0100e66acb - Path: Assets/_Project/Scenes/campusyard.unity - Importer: ScriptedImporter/UnityEditor.QuickSearchModule:UnityEditor.Search:ASIAI0B -> (ImportResultId: '167c103a0ed00d0cd816c5cc09ef7caa') in 0.2315861 seconds
Launched and connected shader compiler UnityShaderCompiler.exe after 0.04 seconds
Launched and connected shader compiler UnityShaderCompiler.exe after 0.06 seconds
Worker ready: AssetImportWorkerHW1 1
Reloading assemblies for play mode.
Reloading assemblies after forced synchronous recompile.
[Licensing::Client] Successfully resolved entitlement details
Begin MonoManager ReloadAssembly
Native extension for WindowsStandalone target not found
ScheduleIndexationOnStartup MainProcess:True IndexOnStartup:True
[MODES] ModeService[none].Initialize
[MODES] ModeService[none].LoadModes
Mono: successfully reloaded assembly
- Finished resetting the current domain, in  1.644 seconds
Domain Reload Profiling: 2633ms
	BeginReloadAssembly (677ms)
		DisableScriptedObjects (241ms)
		CreateAndSetChildDomain (227ms)
	RebuildCommonClasses (11ms)
	RebuildNativeTypeToScriptingClass (22ms)
	initialDomainReloadingComplete (74ms)
	LoadAllAssembliesAndSetupDomain (204ms)
		LoadAssemblies (147ms)
		AnalyzeDomain (14ms)
			TypeCache.Refresh (8ms)
			ResolveRequiredComponents (3ms)
	FinalizeReload (1645ms)
		SetupLoadedEditorAssemblies (0ms)
			BeforeProcessingInitializeOnLoad (105ms)
			ProcessInitializeOnLoadAttributes (138ms)
			ProcessInitializeOnLoadMethodAttributes (150ms)
			AfterProcessingInitializeOnLoad (11ms)
		AwakeInstancesAfterBackupRestoration (777ms)
No restricted APIs configured; Validation skipped.
Checking 3 assemblies for restricted APIs found 0 usage(s) in 5 ms

Asset Pipeline Refresh (id=d632ed8f2ad3f0b448d66c28babc4ec1): Total: 3.097 seconds - Initiated by StopAssetImportingV2(ForceSynchronousImport | ForceDomainReload)
	(Values over 0.05ms)
	Summary:
		Imports: total=0 (actual=0, local cache=0, cache server=0)
		Asset DB Process Time: managed=0 ms, native=1742 ms
		Asset DB Callback time: managed=238 ms, native=68 ms
		Scripting: domain reloads=1, domain reload time=1044 ms, compile time=3 ms, other=0 ms
		Project Asset Count: scripts=408, non-scripts=1006
		Asset File Changes: new=0, changed=0, moved=0, deleted=0
		Scan Filter Count: 0
	InvokePackagesCallback: 2.753ms
	ApplyChangesToAssetFolders: 0.220ms
	Collect global state as custom dependencies: 0.122ms
	ProcessAssetsWithTransientArtifactChanges: 35.468ms
	CategorizeAssets: 8.550ms
	CompileScripts: 2.791ms
	ImportOutOfDateAssets: 1656.766ms (1647.598ms without children)
		CollectScriptTypesHashes: 0.368ms
		ReloadNativeAssets: 0.372ms
		UnloadImportedAssets: 2.988ms
		EnsureUptoDateAssetsAreRegisteredWithGuidPM: 0.276ms
		ImportSchedulerStart: 5.526ms
	PostProcessAllAssets: 296.620ms
		PostProcessCallbackCreateDeferredMaterials 4.749ms
		AssemblyValidation.PostprocessAllAssets 2.502ms
		PostprocessAssetsUpdateCachedIcon 2.320ms
		ShaderAssetModifiedCallback 2.243ms
		ComputeShaderImportPostprocess 1.231ms
		RaytracingShaderImportPostprocess 1.219ms
		SpeedTreeImporter.PostprocessAllAssets 0.895ms
		LocalizationDatabase.AssetDatabasePostprocessCallback 0.614ms
		BlockShaderImporter.PostprocessAllAssets 0.434ms
		MonoPostProcessAllAssets: 235.514ms
			SyncVS.PostprocessSyncProject 172.067ms
			AssetPostprocessor.OnPostprocessAllAssets 14.870ms
			AssetChangedListener.OnPostprocessAllAssets 8.968ms
			WindowAssetPostprocessingWatcher.OnPostprocessAllAssets 8.515ms
			BuilderAssetPostprocessor.OnPostprocessAllAssets 7.002ms
			TextAssetPostProcessor.OnPostprocessAllAssets 4.091ms
			RetainedModeAssetPostprocessor.OnPostprocessAllAssets 2.793ms
			SpeedTree9Postprocessor.OnPostprocessAllAssets 2.544ms
			ArtifactBrowserPostProcessor.OnPostprocessAllAssets 0.572ms
			AudioMixerPostprocessor.OnPostprocessAllAssets 0.365ms
			StyleCatalogPostProcessor.OnPostprocessAllAssets 0.354ms
			ReferencedClipsPostProcessor.OnPostprocessAllAssets 0.318ms
			TMPro_TexturePostProcessor.OnPostprocessAllAssets 0.305ms
			EditModeScopePostprocessor.OnPostprocessAllAssets 0.294ms
			AssetEvents.OnPostprocessAllAssets 0.262ms
			SpeedTreePostProcessor.OnPostprocessAllAssets 0.240ms
			TerrainToolbarOverlayPostProcessor.OnPostprocessAllAssets 0.176ms
			AssetDatabaseCallbacks.OnPostprocessAllAssets 0.162ms
			RenderPipelineGlobalSettingsPostprocessor.OnPostprocessAllAssets 0.159ms
			ScenarioDriftAssetsTracker.OnPostprocessAllAssets 0.157ms
			ConfigAssetsTracker.OnPostprocessAllAssets 0.156ms
			AudioContainerPostProcessor.OnPostprocessAllAssets 0.086ms
	PostAssetChangesProfiler: 10.092ms
	GatherAllCurrentPrimaryImportResultRevisions: 0.106ms
	UnloadStreamsBegin: 2.062ms
	PersistCurrentRevisions: 0.067ms
	GenerateScriptTypeHashes: 1.305ms
	GenerateScriptTypeSerializationHashes: 3.027ms
	Untracked: 1076.114ms

Loaded scene 'Temp/__Backupscenes/0.backup'
	Deserialize:            4.559 ms
	Integration:            30.391 ms
	Integration of assets:  0.004 ms
	Thread Wait Time:       0.015 ms
	Total Operation Time:   34.969 ms
[Licensing::Client] Successfully resolved entitlement details
Pause Menu dibuka
UnityEngine.Debug:ExtractStackTraceNoAlloc (byte*,int,string)
UnityEngine.StackTraceUtility:ExtractStackTrace ()
UnityEngine.DebugLogHandler:Internal_Log (UnityEngine.LogType,UnityEngine.LogOption,string,UnityEngine.Object)
UnityEngine.DebugLogHandler:LogFormat (UnityEngine.LogType,UnityEngine.Object,string,object[])
UnityEngine.Logger:Log (UnityEngine.LogType,object)
UnityEngine.Debug:Log (object)
PauseMenu:OpenPauseMenu () (at Assets/_Project/Scripts/PauseMenu.cs:37)
PauseMenu:Update () (at Assets/_Project/Scripts/PauseMenu.cs:30)

(Filename: Assets/_Project/Scripts/PauseMenu.cs Line: 37)

Unloading 3 Unused Serialized files (Serialized files now loaded: 0)
Loaded scene 'Temp/__Backupscenes/0.backup'
	Deserialize:            3.217 ms
	Integration:            14.531 ms
	Integration of assets:  0.002 ms
	Thread Wait Time:       0.048 ms
	Total Operation Time:   17.798 ms
Unloading 855 unused Assets / (186.1 KB). Loaded Objects now: 3173.
Memory consumption went from 395.1 MB to 394.9 MB.
Total: 11.929000 ms (FindLiveObjects: 0.285100 ms CreateObjectMapping: 0.282900 ms MarkObjects: 10.978200 ms  DeleteObjects: 0.381500 ms)

Default GameObject Tag: Player already registered
[Licensing::Client] Successfully resolved entitlement details
Asset Pipeline Refresh (id=6b05add928489474e84492654c34c53c): Total: 0.017 seconds - Initiated by RefreshV2(AllowForceSynchronousImport)
Quaternion To Matrix conversion failed because input Quaternion is invalid {0.321394, 0.383022, -0.141421, 0.856348} l=1.003332
UnityEngine.Debug:ExtractStackTraceNoAlloc (byte*,int,string)
UnityEngine.StackTraceUtility:ExtractStackTrace ()
UnityEngine.Matrix4x4:Internal_TRS (UnityEngine.Vector3&,UnityEngine.Quaternion&,UnityEngine.Vector3&)
UnityEditor.Handles:DoPositionHandle_Internal (UnityEditor.Handles/PositionHandleIds,UnityEngine.Vector3,UnityEngine.Quaternion,UnityEditor.Handles/PositionHandleParam)
UnityEditor.Handles:DoPositionHandle (UnityEditor.Handles/PositionHandleIds,UnityEngine.Vector3,UnityEngine.Quaternion)
UnityEditor.Handles:DoPositionHandle (UnityEngine.Vector3,UnityEngine.Quaternion)
UnityEditor.Handles:PositionHandle (UnityEngine.Vector3,UnityEngine.Quaternion)
UnityEditor.MoveTool:ToolGUI (UnityEditor.SceneView,UnityEngine.Vector3,bool)
UnityEditor.ManipulationTool`1<UnityEditor.MoveTool>:OnToolGUI (UnityEditor.EditorWindow)
UnityEditor.EditorTools.EditorToolManager/EditorToolState:OnToolGUI (UnityEditor.EditorWindow)
UnityEditor.EditorTools.EditorToolManager:OnToolGUI (UnityEditor.EditorWindow)
UnityEditor.SceneView:DefaultHandles ()
UnityEditor.SceneView:DoOnGUI ()
UnityEditor.SceneView:OnSceneGUI ()
UnityEngine.UIElements.IMGUIContainer:DoOnGUI (UnityEngine.Event,UnityEngine.Matrix4x4,UnityEngine.Rect,bool,UnityEngine.Rect,System.Action,bool)
UnityEngine.UIElements.IMGUIContainer:HandleIMGUIEvent (UnityEngine.Event,UnityEngine.Matrix4x4,UnityEngine.Rect,System.Action,bool)
UnityEngine.UIElements.IMGUIContainer:DoIMGUIRepaint ()
UnityEngine.UIElements.UIR.RenderChainCommand:ExecuteNonDrawMesh (UnityEngine.UIElements.UIR.DrawParams,single,System.Exception&)
UnityEngine.UIElements.UIR.UIRenderDevice:EvaluateChain (UnityEngine.UIElements.UIR.RenderChainCommand,UnityEngine.Material,UnityEngine.Texture,UnityEngine.Texture,System.Nullable`1<UnityEngine.Rect>,UnityEngine.Vector2,single,bool,UnityEngine.UIElements.TextureSlotCount,bool,System.Exception&)
UnityEngine.UIElements.UIR.RenderTreeManager:RenderSingleTree (UnityEngine.UIElements.UIR.RenderTree,UnityEngine.RenderTexture,UnityEngine.RectInt,UnityEngine.Rect)
UnityEngine.UIElements.UIR.RenderTreeManager:RenderRootTree ()
UnityEngine.UIElements.UIRRepaintUpdater:Render ()
UnityEngine.UIElements.BaseVisualElementPanel:Render ()
UnityEngine.UIElements.Panel:Render ()
UnityEditor.UIElements.EditorEventDispatchUtility:DoDispatch (UnityEngine.UIElements.BaseVisualElementPanel,UnityEngine.Event)
UnityEditor.UIElements.DefaultWindowBackend:ProcessEvent (UnityEngine.Event)
UnityEditor.GUIView:ProcessEvent (UnityEngine.EntityId,intptr,bool&)

[C:\build\output\unity\unity\Runtime\Math\Quaternion.cpp line 371]

Quaternion To Matrix conversion failed because input Quaternion is invalid {0.321394, 0.383022, -0.141421, 0.856348} l=1.003332
UnityEngine.Debug:ExtractStackTraceNoAlloc (byte*,int,string)
UnityEngine.StackTraceUtility:ExtractStackTrace ()
UnityEngine.Matrix4x4:Internal_TRS (UnityEngine.Vector3&,UnityEngine.Quaternion&,UnityEngine.Vector3&)
UnityEditor.Handles:DoPositionHandle_Internal (UnityEditor.Handles/PositionHandleIds,UnityEngine.Vector3,UnityEngine.Quaternion,UnityEditor.Handles/PositionHandleParam)
UnityEditor.Handles:DoPositionHandle (UnityEditor.Handles/PositionHandleIds,UnityEngine.Vector3,UnityEngine.Quaternion)
UnityEditor.Handles:DoPositionHandle (UnityEngine.Vector3,UnityEngine.Quaternion)
UnityEditor.Handles:PositionHandle (UnityEngine.Vector3,UnityEngine.Quaternion)
UnityEditor.MoveTool:ToolGUI (UnityEditor.SceneView,UnityEngine.Vector3,bool)
UnityEditor.ManipulationTool`1<UnityEditor.MoveTool>:OnToolGUI (UnityEditor.EditorWindow)
UnityEditor.EditorTools.EditorToolManager/EditorToolState:OnToolGUI (UnityEditor.EditorWindow)
UnityEditor.EditorTools.EditorToolManager:OnToolGUI (UnityEditor.EditorWindow)
UnityEditor.SceneView:DefaultHandles ()
UnityEditor.SceneView:DoOnGUI ()
UnityEditor.SceneView:OnSceneGUI ()
UnityEngine.UIElements.IMGUIContainer:DoOnGUI (UnityEngine.Event,UnityEngine.Matrix4x4,UnityEngine.Rect,bool,UnityEngine.Rect,System.Action,bool)
UnityEngine.UIElements.IMGUIContainer:HandleIMGUIEvent (UnityEngine.Event,UnityEngine.Matrix4x4,UnityEngine.Rect,System.Action,bool)
UnityEngine.UIElements.IMGUIContainer:DoIMGUIRepaint ()
UnityEngine.UIElements.UIR.RenderChainCommand:ExecuteNonDrawMesh (UnityEngine.UIElements.UIR.DrawParams,single,System.Exception&)
UnityEngine.UIElements.UIR.UIRenderDevice:EvaluateChain (UnityEngine.UIElements.UIR.RenderChainCommand,UnityEngine.Material,UnityEngine.Texture,UnityEngine.Texture,System.Nullable`1<UnityEngine.Rect>,UnityEngine.Vector2,single,bool,UnityEngine.UIElements.TextureSlotCount,bool,System.Exception&)
UnityEngine.UIElements.UIR.RenderTreeManager:RenderSingleTree (UnityEngine.UIElements.UIR.RenderTree,UnityEngine.RenderTexture,UnityEngine.RectInt,UnityEngine.Rect)
UnityEngine.UIElements.UIR.RenderTreeManager:RenderRootTree ()
UnityEngine.UIElements.UIRRepaintUpdater:Render ()
UnityEngine.UIElements.BaseVisualElementPanel:Render ()
UnityEngine.UIElements.Panel:Render ()
UnityEditor.UIElements.EditorEventDispatchUtility:DoDispatch (UnityEngine.UIElements.BaseVisualElementPanel,UnityEngine.Event)
UnityEditor.UIElements.DefaultWindowBackend:ProcessEvent (UnityEngine.Event)
UnityEditor.GUIView:ProcessEvent (UnityEngine.EntityId,intptr,bool&)

[C:\build\output\unity\unity\Runtime\Math\Quaternion.cpp line 371]

Quaternion To Matrix conversion failed because input Quaternion is invalid {0.321394, 0.383022, -0.141421, 0.856348} l=1.003332
UnityEngine.Debug:ExtractStackTraceNoAlloc (byte*,int,string)
UnityEngine.StackTraceUtility:ExtractStackTrace ()
UnityEngine.Matrix4x4:Internal_TRS (UnityEngine.Vector3&,UnityEngine.Quaternion&,UnityEngine.Vector3&)
UnityEditor.Handles:DoPositionHandle_Internal (UnityEditor.Handles/PositionHandleIds,UnityEngine.Vector3,UnityEngine.Quaternion,UnityEditor.Handles/PositionHandleParam)
UnityEditor.Handles:DoPositionHandle (UnityEditor.Handles/PositionHandleIds,UnityEngine.Vector3,UnityEngine.Quaternion)
UnityEditor.Handles:DoPositionHandle (UnityEngine.Vector3,UnityEngine.Quaternion)
UnityEditor.Handles:PositionHandle (UnityEngine.Vector3,UnityEngine.Quaternion)
UnityEditor.MoveTool:ToolGUI (UnityEditor.SceneView,UnityEngine.Vector3,bool)
UnityEditor.ManipulationTool`1<UnityEditor.MoveTool>:OnToolGUI (UnityEditor.EditorWindow)
UnityEditor.EditorTools.EditorToolManager/EditorToolState:OnToolGUI (UnityEditor.EditorWindow)
UnityEditor.EditorTools.EditorToolManager:OnToolGUI (UnityEditor.EditorWindow)
UnityEditor.SceneView:DefaultHandles ()
UnityEditor.SceneView:DoOnGUI ()
UnityEditor.SceneView:OnSceneGUI ()
UnityEngine.UIElements.IMGUIContainer:DoOnGUI (UnityEngine.Event,UnityEngine.Matrix4x4,UnityEngine.Rect,bool,UnityEngine.Rect,System.Action,bool)
UnityEngine.UIElements.IMGUIContainer:HandleIMGUIEvent (UnityEngine.Event,UnityEngine.Matrix4x4,UnityEngine.Rect,System.Action,bool)
UnityEngine.UIElements.IMGUIContainer:DoIMGUIRepaint ()
UnityEngine.UIElements.UIR.RenderChainCommand:ExecuteNonDrawMesh (UnityEngine.UIElements.UIR.DrawParams,single,System.Exception&)
UnityEngine.UIElements.UIR.UIRenderDevice:EvaluateChain (UnityEngine.UIElements.UIR.RenderChainCommand,UnityEngine.Material,UnityEngine.Texture,UnityEngine.Texture,System.Nullable`1<UnityEngine.Rect>,UnityEngine.Vector2,single,bool,UnityEngine.UIElements.TextureSlotCount,bool,System.Exception&)
UnityEngine.UIElements.UIR.RenderTreeManager:RenderSingleTree (UnityEngine.UIElements.UIR.RenderTree,UnityEngine.RenderTexture,UnityEngine.RectInt,UnityEngine.Rect)
UnityEngine.UIElements.UIR.RenderTreeManager:RenderRootTree ()
UnityEngine.UIElements.UIRRepaintUpdater:Render ()
UnityEngine.UIElements.BaseVisualElementPanel:Render ()
UnityEngine.UIElements.Panel:Render ()
UnityEditor.UIElements.EditorEventDispatchUtility:DoDispatch (UnityEngine.UIElements.BaseVisualElementPanel,UnityEngine.Event)
UnityEditor.UIElements.DefaultWindowBackend:ProcessEvent (UnityEngine.Event)
UnityEditor.GUIView:ProcessEvent (UnityEngine.EntityId,intptr,bool&)

[C:\build\output\unity\unity\Runtime\Math\Quaternion.cpp line 371]

Quaternion To Matrix conversion failed because input Quaternion is invalid {0.321394, 0.383022, -0.141421, 0.856348} l=1.003332
UnityEngine.Debug:ExtractStackTraceNoAlloc (byte*,int,string)
UnityEngine.StackTraceUtility:ExtractStackTrace ()
UnityEngine.Matrix4x4:Internal_TRS (UnityEngine.Vector3&,UnityEngine.Quaternion&,UnityEngine.Vector3&)
UnityEditor.Handles:DoPositionHandle_Internal (UnityEditor.Handles/PositionHandleIds,UnityEngine.Vector3,UnityEngine.Quaternion,UnityEditor.Handles/PositionHandleParam)
UnityEditor.Handles:DoPositionHandle (UnityEditor.Handles/PositionHandleIds,UnityEngine.Vector3,UnityEngine.Quaternion)
UnityEditor.Handles:DoPositionHandle (UnityEngine.Vector3,UnityEngine.Quaternion)
UnityEditor.Handles:PositionHandle (UnityEngine.Vector3,UnityEngine.Quaternion)
UnityEditor.MoveTool:ToolGUI (UnityEditor.SceneView,UnityEngine.Vector3,bool)
UnityEditor.ManipulationTool`1<UnityEditor.MoveTool>:OnToolGUI (UnityEditor.EditorWindow)
UnityEditor.EditorTools.EditorToolManager/EditorToolState:OnToolGUI (UnityEditor.EditorWindow)
UnityEditor.EditorTools.EditorToolManager:OnToolGUI (UnityEditor.EditorWindow)
UnityEditor.SceneView:DefaultHandles ()
UnityEditor.SceneView:DoOnGUI ()
UnityEditor.SceneView:OnSceneGUI ()
UnityEngine.UIElements.IMGUIContainer:DoOnGUI (UnityEngine.Event,UnityEngine.Matrix4x4,UnityEngine.Rect,bool,UnityEngine.Rect,System.Action,bool)
UnityEngine.UIElements.IMGUIContainer:HandleIMGUIEvent (UnityEngine.Event,UnityEngine.Matrix4x4,UnityEngine.Rect,System.Action,bool)
UnityEngine.UIElements.IMGUIContainer:DoIMGUIRepaint ()
UnityEngine.UIElements.UIR.RenderChainCommand:ExecuteNonDrawMesh (UnityEngine.UIElements.UIR.DrawParams,single,System.Exception&)
UnityEngine.UIElements.UIR.UIRenderDevice:EvaluateChain (UnityEngine.UIElements.UIR.RenderChainCommand,UnityEngine.Material,UnityEngine.Texture,UnityEngine.Texture,System.Nullable`1<UnityEngine.Rect>,UnityEngine.Vector2,single,bool,UnityEngine.UIElements.TextureSlotCount,bool,System.Exception&)
UnityEngine.UIElements.UIR.RenderTreeManager:RenderSingleTree (UnityEngine.UIElements.UIR.RenderTree,UnityEngine.RenderTexture,UnityEngine.RectInt,UnityEngine.Rect)
UnityEngine.UIElements.UIR.RenderTreeManager:RenderRootTree ()
UnityEngine.UIElements.UIRRepaintUpdater:Render ()
UnityEngine.UIElements.BaseVisualElementPanel:Render ()
UnityEngine.UIElements.Panel:Render ()
UnityEditor.UIElements.EditorEventDispatchUtility:DoDispatch (UnityEngine.UIElements.BaseVisualElementPanel,UnityEngine.Event)
UnityEditor.UIElements.DefaultWindowBackend:ProcessEvent (UnityEngine.Event)
UnityEditor.GUIView:ProcessEvent (UnityEngine.EntityId,intptr,bool&)

[C:\build\output\unity\unity\Runtime\Math\Quaternion.cpp line 371]

Quaternion To Matrix conversion failed because input Quaternion is invalid {0.321394, 0.383022, -0.141421, 0.856348} l=1.003332
UnityEngine.Debug:ExtractStackTraceNoAlloc (byte*,int,string)
UnityEngine.StackTraceUtility:ExtractStackTrace ()
UnityEngine.Matrix4x4:Internal_TRS (UnityEngine.Vector3&,UnityEngine.Quaternion&,UnityEngine.Vector3&)
UnityEditor.Handles:DoPositionHandle_Internal (UnityEditor.Handles/PositionHandleIds,UnityEngine.Vector3,UnityEngine.Quaternion,UnityEditor.Handles/PositionHandleParam)
UnityEditor.Handles:DoPositionHandle (UnityEditor.Handles/PositionHandleIds,UnityEngine.Vector3,UnityEngine.Quaternion)
UnityEditor.Handles:DoPositionHandle (UnityEngine.Vector3,UnityEngine.Quaternion)
UnityEditor.Handles:PositionHandle (UnityEngine.Vector3,UnityEngine.Quaternion)
UnityEditor.MoveTool:ToolGUI (UnityEditor.SceneView,UnityEngine.Vector3,bool)
UnityEditor.ManipulationTool`1<UnityEditor.MoveTool>:OnToolGUI (UnityEditor.EditorWindow)
UnityEditor.EditorTools.EditorToolManager/EditorToolState:OnToolGUI (UnityEditor.EditorWindow)
UnityEditor.EditorTools.EditorToolManager:OnToolGUI (UnityEditor.EditorWindow)
UnityEditor.SceneView:DefaultHandles ()
UnityEditor.SceneView:DoOnGUI ()
UnityEditor.SceneView:OnSceneGUI ()
UnityEngine.UIElements.IMGUIContainer:DoOnGUI (UnityEngine.Event,UnityEngine.Matrix4x4,UnityEngine.Rect,bool,UnityEngine.Rect,System.Action,bool)
UnityEngine.UIElements.IMGUIContainer:HandleIMGUIEvent (UnityEngine.Event,UnityEngine.Matrix4x4,UnityEngine.Rect,System.Action,bool)
UnityEngine.UIElements.IMGUIContainer:DoIMGUIRepaint ()
UnityEngine.UIElements.UIR.RenderChainCommand:ExecuteNonDrawMesh (UnityEngine.UIElements.UIR.DrawParams,single,System.Exception&)
UnityEngine.UIElements.UIR.UIRenderDevice:EvaluateChain (UnityEngine.UIElements.UIR.RenderChainCommand,UnityEngine.Material,UnityEngine.Texture,UnityEngine.Texture,System.Nullable`1<UnityEngine.Rect>,UnityEngine.Vector2,single,bool,UnityEngine.UIElements.TextureSlotCount,bool,System.Exception&)
UnityEngine.UIElements.UIR.RenderTreeManager:RenderSingleTree (UnityEngine.UIElements.UIR.RenderTree,UnityEngine.RenderTexture,UnityEngine.RectInt,UnityEngine.Rect)
UnityEngine.UIElements.UIR.RenderTreeManager:RenderRootTree ()
UnityEngine.UIElements.UIRRepaintUpdater:Render ()
UnityEngine.UIElements.BaseVisualElementPanel:Render ()
UnityEngine.UIElements.Panel:Render ()
UnityEditor.UIElements.EditorEventDispatchUtility:DoDispatch (UnityEngine.UIElements.BaseVisualElementPanel,UnityEngine.Event)
UnityEditor.UIElements.DefaultWindowBackend:ProcessEvent (UnityEngine.Event)
UnityEditor.GUIView:ProcessEvent (UnityEngine.EntityId,intptr,bool&)

[C:\build\output\unity\unity\Runtime\Math\Quaternion.cpp line 371]

Quaternion To Matrix conversion failed because input Quaternion is invalid {0.321394, 0.383022, -0.141421, 0.856348} l=1.003332
UnityEngine.Debug:ExtractStackTraceNoAlloc (byte*,int,string)
UnityEngine.StackTraceUtility:ExtractStackTrace ()
UnityEngine.Matrix4x4:Internal_TRS (UnityEngine.Vector3&,UnityEngine.Quaternion&,UnityEngine.Vector3&)
UnityEditor.Handles:DoPositionHandle_Internal (UnityEditor.Handles/PositionHandleIds,UnityEngine.Vector3,UnityEngine.Quaternion,UnityEditor.Handles/PositionHandleParam)
UnityEditor.Handles:DoPositionHandle (UnityEditor.Handles/PositionHandleIds,UnityEngine.Vector3,UnityEngine.Quaternion)
UnityEditor.Handles:DoPositionHandle (UnityEngine.Vector3,UnityEngine.Quaternion)
UnityEditor.Handles:PositionHandle (UnityEngine.Vector3,UnityEngine.Quaternion)
UnityEditor.MoveTool:ToolGUI (UnityEditor.SceneView,UnityEngine.Vector3,bool)
UnityEditor.ManipulationTool`1<UnityEditor.MoveTool>:OnToolGUI (UnityEditor.EditorWindow)
UnityEditor.EditorTools.EditorToolManager/EditorToolState:OnToolGUI (UnityEditor.EditorWindow)
UnityEditor.EditorTools.EditorToolManager:OnToolGUI (UnityEditor.EditorWindow)
UnityEditor.SceneView:DefaultHandles ()
UnityEditor.SceneView:DoOnGUI ()
UnityEditor.SceneView:OnSceneGUI ()
UnityEngine.UIElements.IMGUIContainer:DoOnGUI (UnityEngine.Event,UnityEngine.Matrix4x4,UnityEngine.Rect,bool,UnityEngine.Rect,System.Action,bool)
UnityEngine.UIElements.IMGUIContainer:HandleIMGUIEvent (UnityEngine.Event,UnityEngine.Matrix4x4,UnityEngine.Rect,System.Action,bool)
UnityEngine.UIElements.IMGUIContainer:DoIMGUIRepaint ()
UnityEngine.UIElements.UIR.RenderChainCommand:ExecuteNonDrawMesh (UnityEngine.UIElements.UIR.DrawParams,single,System.Exception&)
UnityEngine.UIElements.UIR.UIRenderDevice:EvaluateChain (UnityEngine.UIElements.UIR.RenderChainCommand,UnityEngine.Material,UnityEngine.Texture,UnityEngine.Texture,System.Nullable`1<UnityEngine.Rect>,UnityEngine.Vector2,single,bool,UnityEngine.UIElements.TextureSlotCount,bool,System.Exception&)
UnityEngine.UIElements.UIR.RenderTreeManager:RenderSingleTree (UnityEngine.UIElements.UIR.RenderTree,UnityEngine.RenderTexture,UnityEngine.RectInt,UnityEngine.Rect)
UnityEngine.UIElements.UIR.RenderTreeManager:RenderRootTree ()
UnityEngine.UIElements.UIRRepaintUpdater:Render ()
UnityEngine.UIElements.BaseVisualElementPanel:Render ()
UnityEngine.UIElements.Panel:Render ()
UnityEditor.UIElements.EditorEventDispatchUtility:DoDispatch (UnityEngine.UIElements.BaseVisualElementPanel,UnityEngine.Event)
UnityEditor.UIElements.DefaultWindowBackend:ProcessEvent (UnityEngine.Event)
UnityEditor.GUIView:ProcessEvent (UnityEngine.EntityId,intptr,bool&)

[C:\build\output\unity\unity\Runtime\Math\Quaternion.cpp line 371]

Quaternion To Matrix conversion failed because input Quaternion is invalid {0.321394, 0.383022, -0.141421, 0.856348} l=1.003332
UnityEngine.Debug:ExtractStackTraceNoAlloc (byte*,int,string)
UnityEngine.StackTraceUtility:ExtractStackTrace ()
UnityEngine.Matrix4x4:Internal_TRS (UnityEngine.Vector3&,UnityEngine.Quaternion&,UnityEngine.Vector3&)
UnityEditor.Handles:DoPositionHandle_Internal (UnityEditor.Handles/PositionHandleIds,UnityEngine.Vector3,UnityEngine.Quaternion,UnityEditor.Handles/PositionHandleParam)
UnityEditor.Handles:DoPositionHandle (UnityEditor.Handles/PositionHandleIds,UnityEngine.Vector3,UnityEngine.Quaternion)
UnityEditor.Handles:DoPositionHandle (UnityEngine.Vector3,UnityEngine.Quaternion)
UnityEditor.Handles:PositionHandle (UnityEngine.Vector3,UnityEngine.Quaternion)
UnityEditor.MoveTool:ToolGUI (UnityEditor.SceneView,UnityEngine.Vector3,bool)
UnityEditor.ManipulationTool`1<UnityEditor.MoveTool>:OnToolGUI (UnityEditor.EditorWindow)
UnityEditor.EditorTools.EditorToolManager/EditorToolState:OnToolGUI (UnityEditor.EditorWindow)
UnityEditor.EditorTools.EditorToolManager:OnToolGUI (UnityEditor.EditorWindow)
UnityEditor.SceneView:DefaultHandles ()
UnityEditor.SceneView:DoOnGUI ()
UnityEditor.SceneView:OnSceneGUI ()
UnityEngine.UIElements.IMGUIContainer:DoOnGUI (UnityEngine.Event,UnityEngine.Matrix4x4,UnityEngine.Rect,bool,UnityEngine.Rect,System.Action,bool)
UnityEngine.UIElements.IMGUIContainer:HandleIMGUIEvent (UnityEngine.Event,UnityEngine.Matrix4x4,UnityEngine.Rect,System.Action,bool)
UnityEngine.UIElements.IMGUIContainer:DoIMGUIRepaint ()
UnityEngine.UIElements.UIR.RenderChainCommand:ExecuteNonDrawMesh (UnityEngine.UIElements.UIR.DrawParams,single,System.Exception&)
UnityEngine.UIElements.UIR.UIRenderDevice:EvaluateChain (UnityEngine.UIElements.UIR.RenderChainCommand,UnityEngine.Material,UnityEngine.Texture,UnityEngine.Texture,System.Nullable`1<UnityEngine.Rect>,UnityEngine.Vector2,single,bool,UnityEngine.UIElements.TextureSlotCount,bool,System.Exception&)
UnityEngine.UIElements.UIR.RenderTreeManager:RenderSingleTree (UnityEngine.UIElements.UIR.RenderTree,UnityEngine.RenderTexture,UnityEngine.RectInt,UnityEngine.Rect)
UnityEngine.UIElements.UIR.RenderTreeManager:RenderRootTree ()
UnityEngine.UIElements.UIRRepaintUpdater:Render ()
UnityEngine.UIElements.BaseVisualElementPanel:Render ()
UnityEngine.UIElements.Panel:Render ()
UnityEditor.UIElements.EditorEventDispatchUtility:DoDispatch (UnityEngine.UIElements.BaseVisualElementPanel,UnityEngine.Event)
UnityEditor.UIElements.DefaultWindowBackend:ProcessEvent (UnityEngine.Event)
UnityEditor.GUIView:ProcessEvent (UnityEngine.EntityId,intptr,bool&)

[C:\build\output\unity\unity\Runtime\Math\Quaternion.cpp line 371]

Quaternion To Matrix conversion failed because input Quaternion is invalid {0.321394, 0.383022, -0.141421, 0.856348} l=1.003332
UnityEngine.Debug:ExtractStackTraceNoAlloc (byte*,int,string)
UnityEngine.StackTraceUtility:ExtractStackTrace ()
UnityEngine.Matrix4x4:Internal_TRS (UnityEngine.Vector3&,UnityEngine.Quaternion&,UnityEngine.Vector3&)
UnityEditor.Handles:DoPositionHandle_Internal (UnityEditor.Handles/PositionHandleIds,UnityEngine.Vector3,UnityEngine.Quaternion,UnityEditor.Handles/PositionHandleParam)
UnityEditor.Handles:DoPositionHandle (UnityEditor.Handles/PositionHandleIds,UnityEngine.Vector3,UnityEngine.Quaternion)
UnityEditor.Handles:DoPositionHandle (UnityEngine.Vector3,UnityEngine.Quaternion)
UnityEditor.Handles:PositionHandle (UnityEngine.Vector3,UnityEngine.Quaternion)
UnityEditor.MoveTool:ToolGUI (UnityEditor.SceneView,UnityEngine.Vector3,bool)
UnityEditor.ManipulationTool`1<UnityEditor.MoveTool>:OnToolGUI (UnityEditor.EditorWindow)
UnityEditor.EditorTools.EditorToolManager/EditorToolState:OnToolGUI (UnityEditor.EditorWindow)
UnityEditor.EditorTools.EditorToolManager:OnToolGUI (UnityEditor.EditorWindow)
UnityEditor.SceneView:DefaultHandles ()
UnityEditor.SceneView:DoOnGUI ()
UnityEditor.SceneView:OnSceneGUI ()
UnityEngine.UIElements.IMGUIContainer:DoOnGUI (UnityEngine.Event,UnityEngine.Matrix4x4,UnityEngine.Rect,bool,UnityEngine.Rect,System.Action,bool)
UnityEngine.UIElements.IMGUIContainer:HandleIMGUIEvent (UnityEngine.Event,UnityEngine.Matrix4x4,UnityEngine.Rect,System.Action,bool)
UnityEngine.UIElements.IMGUIContainer:DoIMGUIRepaint ()
UnityEngine.UIElements.UIR.RenderChainCommand:ExecuteNonDrawMesh (UnityEngine.UIElements.UIR.DrawParams,single,System.Exception&)
UnityEngine.UIElements.UIR.UIRenderDevice:EvaluateChain (UnityEngine.UIElements.UIR.RenderChainCommand,UnityEngine.Material,UnityEngine.Texture,UnityEngine.Texture,System.Nullable`1<UnityEngine.Rect>,UnityEngine.Vector2,single,bool,UnityEngine.UIElements.TextureSlotCount,bool,System.Exception&)
UnityEngine.UIElements.UIR.RenderTreeManager:RenderSingleTree (UnityEngine.UIElements.UIR.RenderTree,UnityEngine.RenderTexture,UnityEngine.RectInt,UnityEngine.Rect)
UnityEngine.UIElements.UIR.RenderTreeManager:RenderRootTree ()
UnityEngine.UIElements.UIRRepaintUpdater:Render ()
UnityEngine.UIElements.BaseVisualElementPanel:Render ()
UnityEngine.UIElements.Panel:Render ()
UnityEditor.UIElements.EditorEventDispatchUtility:DoDispatch (UnityEngine.UIElements.BaseVisualElementPanel,UnityEngine.Event)
UnityEditor.UIElements.DefaultWindowBackend:ProcessEvent (UnityEngine.Event)
UnityEditor.GUIView:ProcessEvent (UnityEngine.EntityId,intptr,bool&)

[C:\build\output\unity\unity\Runtime\Math\Quaternion.cpp line 371]

Quaternion To Matrix conversion failed because input Quaternion is invalid {0.321394, 0.383022, -0.141421, 0.856348} l=1.003332
UnityEngine.Debug:ExtractStackTraceNoAlloc (byte*,int,string)
UnityEngine.StackTraceUtility:ExtractStackTrace ()
UnityEngine.Matrix4x4:Internal_TRS (UnityEngine.Vector3&,UnityEngine.Quaternion&,UnityEngine.Vector3&)
UnityEditor.Handles:DoPositionHandle_Internal (UnityEditor.Handles/PositionHandleIds,UnityEngine.Vector3,UnityEngine.Quaternion,UnityEditor.Handles/PositionHandleParam)
UnityEditor.Handles:DoPositionHandle (UnityEditor.Handles/PositionHandleIds,UnityEngine.Vector3,UnityEngine.Quaternion)
UnityEditor.Handles:DoPositionHandle (UnityEngine.Vector3,UnityEngine.Quaternion)
UnityEditor.Handles:PositionHandle (UnityEngine.Vector3,UnityEngine.Quaternion)
UnityEditor.MoveTool:ToolGUI (UnityEditor.SceneView,UnityEngine.Vector3,bool)
UnityEditor.ManipulationTool`1<UnityEditor.MoveTool>:OnToolGUI (UnityEditor.EditorWindow)
UnityEditor.EditorTools.EditorToolManager/EditorToolState:OnToolGUI (UnityEditor.EditorWindow)
UnityEditor.EditorTools.EditorToolManager:OnToolGUI (UnityEditor.EditorWindow)
UnityEditor.SceneView:DefaultHandles ()
UnityEditor.SceneView:DoOnGUI ()
UnityEditor.SceneView:OnSceneGUI ()
UnityEngine.UIElements.IMGUIContainer:DoOnGUI (UnityEngine.Event,UnityEngine.Matrix4x4,UnityEngine.Rect,bool,UnityEngine.Rect,System.Action,bool)
UnityEngine.UIElements.IMGUIContainer:HandleIMGUIEvent (UnityEngine.Event,UnityEngine.Matrix4x4,UnityEngine.Rect,System.Action,bool)
UnityEngine.UIElements.IMGUIContainer:DoIMGUIRepaint ()
UnityEngine.UIElements.UIR.RenderChainCommand:ExecuteNonDrawMesh (UnityEngine.UIElements.UIR.DrawParams,single,System.Exception&)
UnityEngine.UIElements.UIR.UIRenderDevice:EvaluateChain (UnityEngine.UIElements.UIR.RenderChainCommand,UnityEngine.Material,UnityEngine.Texture,UnityEngine.Texture,System.Nullable`1<UnityEngine.Rect>,UnityEngine.Vector2,single,bool,UnityEngine.UIElements.TextureSlotCount,bool,System.Exception&)
UnityEngine.UIElements.UIR.RenderTreeManager:RenderSingleTree (UnityEngine.UIElements.UIR.RenderTree,UnityEngine.RenderTexture,UnityEngine.RectInt,UnityEngine.Rect)
UnityEngine.UIElements.UIR.RenderTreeManager:RenderRootTree ()
UnityEngine.UIElements.UIRRepaintUpdater:Render ()
UnityEngine.UIElements.BaseVisualElementPanel:Render ()
UnityEngine.UIElements.Panel:Render ()
UnityEditor.UIElements.EditorEventDispatchUtility:DoDispatch (UnityEngine.UIElements.BaseVisualElementPanel,UnityEngine.Event)
UnityEditor.UIElements.DefaultWindowBackend:ProcessEvent (UnityEngine.Event)
UnityEditor.GUIView:ProcessEvent (UnityEngine.EntityId,intptr,bool&)

[C:\build\output\unity\unity\Runtime\Math\Quaternion.cpp line 371]

Quaternion To Matrix conversion failed because input Quaternion is invalid {0.321394, 0.383022, -0.141421, 0.856348} l=1.003332
UnityEngine.Debug:ExtractStackTraceNoAlloc (byte*,int,string)
UnityEngine.StackTraceUtility:ExtractStackTrace ()
UnityEngine.Matrix4x4:Internal_TRS (UnityEngine.Vector3&,UnityEngine.Quaternion&,UnityEngine.Vector3&)
UnityEditor.Handles:DoPositionHandle_Internal (UnityEditor.Handles/PositionHandleIds,UnityEngine.Vector3,UnityEngine.Quaternion,UnityEditor.Handles/PositionHandleParam)
UnityEditor.Handles:DoPositionHandle (UnityEditor.Handles/PositionHandleIds,UnityEngine.Vector3,UnityEngine.Quaternion)
UnityEditor.Handles:DoPositionHandle (UnityEngine.Vector3,UnityEngine.Quaternion)
UnityEditor.Handles:PositionHandle (UnityEngine.Vector3,UnityEngine.Quaternion)
UnityEditor.MoveTool:ToolGUI (UnityEditor.SceneView,UnityEngine.Vector3,bool)
UnityEditor.ManipulationTool`1<UnityEditor.MoveTool>:OnToolGUI (UnityEditor.EditorWindow)
UnityEditor.EditorTools.EditorToolManager/EditorToolState:OnToolGUI (UnityEditor.EditorWindow)
UnityEditor.EditorTools.EditorToolManager:OnToolGUI (UnityEditor.EditorWindow)
UnityEditor.SceneView:DefaultHandles ()
UnityEditor.SceneView:DoOnGUI ()
UnityEditor.SceneView:OnSceneGUI ()
UnityEngine.UIElements.IMGUIContainer:DoOnGUI (UnityEngine.Event,UnityEngine.Matrix4x4,UnityEngine.Rect,bool,UnityEngine.Rect,System.Action,bool)
UnityEngine.UIElements.IMGUIContainer:HandleIMGUIEvent (UnityEngine.Event,UnityEngine.Matrix4x4,UnityEngine.Rect,System.Action,bool)
UnityEngine.UIElements.IMGUIContainer:DoIMGUIRepaint ()
UnityEngine.UIElements.UIR.RenderChainCommand:ExecuteNonDrawMesh (UnityEngine.UIElements.UIR.DrawParams,single,System.Exception&)
UnityEngine.UIElements.UIR.UIRenderDevice:EvaluateChain (UnityEngine.UIElements.UIR.RenderChainCommand,UnityEngine.Material,UnityEngine.Texture,UnityEngine.Texture,System.Nullable`1<UnityEngine.Rect>,UnityEngine.Vector2,single,bool,UnityEngine.UIElements.TextureSlotCount,bool,System.Exception&)
UnityEngine.UIElements.UIR.RenderTreeManager:RenderSingleTree (UnityEngine.UIElements.UIR.RenderTree,UnityEngine.RenderTexture,UnityEngine.RectInt,UnityEngine.Rect)
UnityEngine.UIElements.UIR.RenderTreeManager:RenderRootTree ()
UnityEngine.UIElements.UIRRepaintUpdater:Render ()
UnityEngine.UIElements.BaseVisualElementPanel:Render ()
UnityEngine.UIElements.Panel:Render ()
UnityEditor.UIElements.EditorEventDispatchUtility:DoDispatch (UnityEngine.UIElements.BaseVisualElementPanel,UnityEngine.Event)
UnityEditor.UIElements.DefaultWindowBackend:ProcessEvent (UnityEngine.Event)
UnityEditor.GUIView:ProcessEvent (UnityEngine.EntityId,intptr,bool&)

[C:\build\output\unity\unity\Runtime\Math\Quaternion.cpp line 371]

Quaternion To Matrix conversion failed because input Quaternion is invalid {0.321394, 0.383022, -0.141421, 0.856348} l=1.003332
UnityEngine.Debug:ExtractStackTraceNoAlloc (byte*,int,string)
UnityEngine.StackTraceUtility:ExtractStackTrace ()
UnityEngine.Matrix4x4:Internal_TRS (UnityEngine.Vector3&,UnityEngine.Quaternion&,UnityEngine.Vector3&)
UnityEditor.Handles:DoPositionHandle_Internal (UnityEditor.Handles/PositionHandleIds,UnityEngine.Vector3,UnityEngine.Quaternion,UnityEditor.Handles/PositionHandleParam)
UnityEditor.Handles:DoPositionHandle (UnityEditor.Handles/PositionHandleIds,UnityEngine.Vector3,UnityEngine.Quaternion)
UnityEditor.Handles:DoPositionHandle (UnityEngine.Vector3,UnityEngine.Quaternion)
UnityEditor.Handles:PositionHandle (UnityEngine.Vector3,UnityEngine.Quaternion)
UnityEditor.MoveTool:ToolGUI (UnityEditor.SceneView,UnityEngine.Vector3,bool)
UnityEditor.ManipulationTool`1<UnityEditor.MoveTool>:OnToolGUI (UnityEditor.EditorWindow)
UnityEditor.EditorTools.EditorToolManager/EditorToolState:OnToolGUI (UnityEditor.EditorWindow)
UnityEditor.EditorTools.EditorToolManager:OnToolGUI (UnityEditor.EditorWindow)
UnityEditor.SceneView:DefaultHandles ()
UnityEditor.SceneView:DoOnGUI ()
UnityEditor.SceneView:OnSceneGUI ()
UnityEngine.UIElements.IMGUIContainer:DoOnGUI (UnityEngine.Event,UnityEngine.Matrix4x4,UnityEngine.Rect,bool,UnityEngine.Rect,System.Action,bool)
UnityEngine.UIElements.IMGUIContainer:HandleIMGUIEvent (UnityEngine.Event,UnityEngine.Matrix4x4,UnityEngine.Rect,System.Action,bool)
UnityEngine.UIElements.IMGUIContainer:DoIMGUIRepaint ()
UnityEngine.UIElements.UIR.RenderChainCommand:ExecuteNonDrawMesh (UnityEngine.UIElements.UIR.DrawParams,single,System.Exception&)
UnityEngine.UIElements.UIR.UIRenderDevice:EvaluateChain (UnityEngine.UIElements.UIR.RenderChainCommand,UnityEngine.Material,UnityEngine.Texture,UnityEngine.Texture,System.Nullable`1<UnityEngine.Rect>,UnityEngine.Vector2,single,bool,UnityEngine.UIElements.TextureSlotCount,bool,System.Exception&)
UnityEngine.UIElements.UIR.RenderTreeManager:RenderSingleTree (UnityEngine.UIElements.UIR.RenderTree,UnityEngine.RenderTexture,UnityEngine.RectInt,UnityEngine.Rect)
UnityEngine.UIElements.UIR.RenderTreeManager:RenderRootTree ()
UnityEngine.UIElements.UIRRepaintUpdater:Render ()
UnityEngine.UIElements.BaseVisualElementPanel:Render ()
UnityEngine.UIElements.Panel:Render ()
UnityEditor.UIElements.EditorEventDispatchUtility:DoDispatch (UnityEngine.UIElements.BaseVisualElementPanel,UnityEngine.Event)
UnityEditor.UIElements.DefaultWindowBackend:ProcessEvent (UnityEngine.Event)
UnityEditor.GUIView:ProcessEvent (UnityEngine.EntityId,intptr,bool&)

[C:\build\output\unity\unity\Runtime\Math\Quaternion.cpp line 371]

Quaternion To Matrix conversion failed because input Quaternion is invalid {0.321394, 0.383022, -0.141421, 0.856348} l=1.003332
UnityEngine.Debug:ExtractStackTraceNoAlloc (byte*,int,string)
UnityEngine.StackTraceUtility:ExtractStackTrace ()
UnityEngine.Matrix4x4:Internal_TRS (UnityEngine.Vector3&,UnityEngine.Quaternion&,UnityEngine.Vector3&)
UnityEditor.Handles:DoPositionHandle_Internal (UnityEditor.Handles/PositionHandleIds,UnityEngine.Vector3,UnityEngine.Quaternion,UnityEditor.Handles/PositionHandleParam)
UnityEditor.Handles:DoPositionHandle (UnityEditor.Handles/PositionHandleIds,UnityEngine.Vector3,UnityEngine.Quaternion)
UnityEditor.Handles:DoPositionHandle (UnityEngine.Vector3,UnityEngine.Quaternion)
UnityEditor.Handles:PositionHandle (UnityEngine.Vector3,UnityEngine.Quaternion)
UnityEditor.MoveTool:ToolGUI (UnityEditor.SceneView,UnityEngine.Vector3,bool)
UnityEditor.ManipulationTool`1<UnityEditor.MoveTool>:OnToolGUI (UnityEditor.EditorWindow)
UnityEditor.EditorTools.EditorToolManager/EditorToolState:OnToolGUI (UnityEditor.EditorWindow)
UnityEditor.EditorTools.EditorToolManager:OnToolGUI (UnityEditor.EditorWindow)
UnityEditor.SceneView:DefaultHandles ()
UnityEditor.SceneView:DoOnGUI ()
UnityEditor.SceneView:OnSceneGUI ()
UnityEngine.UIElements.IMGUIContainer:DoOnGUI (UnityEngine.Event,UnityEngine.Matrix4x4,UnityEngine.Rect,bool,UnityEngine.Rect,System.Action,bool)
UnityEngine.UIElements.IMGUIContainer:HandleIMGUIEvent (UnityEngine.Event,UnityEngine.Matrix4x4,UnityEngine.Rect,System.Action,bool)
UnityEngine.UIElements.IMGUIContainer:DoIMGUIRepaint ()
UnityEngine.UIElements.UIR.RenderChainCommand:ExecuteNonDrawMesh (UnityEngine.UIElements.UIR.DrawParams,single,System.Exception&)
UnityEngine.UIElements.UIR.UIRenderDevice:EvaluateChain (UnityEngine.UIElements.UIR.RenderChainCommand,UnityEngine.Material,UnityEngine.Texture,UnityEngine.Texture,System.Nullable`1<UnityEngine.Rect>,UnityEngine.Vector2,single,bool,UnityEngine.UIElements.TextureSlotCount,bool,System.Exception&)
UnityEngine.UIElements.UIR.RenderTreeManager:RenderSingleTree (UnityEngine.UIElements.UIR.RenderTree,UnityEngine.RenderTexture,UnityEngine.RectInt,UnityEngine.Rect)
UnityEngine.UIElements.UIR.RenderTreeManager:RenderRootTree ()
UnityEngine.UIElements.UIRRepaintUpdater:Render ()
UnityEngine.UIElements.BaseVisualElementPanel:Render ()
UnityEngine.UIElements.Panel:Render ()
UnityEditor.UIElements.EditorEventDispatchUtility:DoDispatch (UnityEngine.UIElements.BaseVisualElementPanel,UnityEngine.Event)
UnityEditor.UIElements.DefaultWindowBackend:ProcessEvent (UnityEngine.Event)
UnityEditor.GUIView:ProcessEvent (UnityEngine.EntityId,intptr,bool&)

[C:\build\output\unity\unity\Runtime\Math\Quaternion.cpp line 371]

Quaternion To Matrix conversion failed because input Quaternion is invalid {0.321394, 0.383022, -0.141421, 0.856348} l=1.003332
UnityEngine.Debug:ExtractStackTraceNoAlloc (byte*,int,string)
UnityEngine.StackTraceUtility:ExtractStackTrace ()
UnityEngine.Matrix4x4:Internal_TRS (UnityEngine.Vector3&,UnityEngine.Quaternion&,UnityEngine.Vector3&)
UnityEditor.Handles:DoPositionHandle_Internal (UnityEditor.Handles/PositionHandleIds,UnityEngine.Vector3,UnityEngine.Quaternion,UnityEditor.Handles/PositionHandleParam)
UnityEditor.Handles:DoPositionHandle (UnityEditor.Handles/PositionHandleIds,UnityEngine.Vector3,UnityEngine.Quaternion)
UnityEditor.Handles:DoPositionHandle (UnityEngine.Vector3,UnityEngine.Quaternion)
UnityEditor.Handles:PositionHandle (UnityEngine.Vector3,UnityEngine.Quaternion)
UnityEditor.MoveTool:ToolGUI (UnityEditor.SceneView,UnityEngine.Vector3,bool)
UnityEditor.ManipulationTool`1<UnityEditor.MoveTool>:OnToolGUI (UnityEditor.EditorWindow)
UnityEditor.EditorTools.EditorToolManager/EditorToolState:OnToolGUI (UnityEditor.EditorWindow)
UnityEditor.EditorTools.EditorToolManager:OnToolGUI (UnityEditor.EditorWindow)
UnityEditor.SceneView:DefaultHandles ()
UnityEditor.SceneView:DoOnGUI ()
UnityEditor.SceneView:OnSceneGUI ()
UnityEngine.UIElements.IMGUIContainer:DoOnGUI (UnityEngine.Event,UnityEngine.Matrix4x4,UnityEngine.Rect,bool,UnityEngine.Rect,System.Action,bool)
UnityEngine.UIElements.IMGUIContainer:HandleIMGUIEvent (UnityEngine.Event,UnityEngine.Matrix4x4,UnityEngine.Rect,System.Action,bool)
UnityEngine.UIElements.IMGUIContainer:DoIMGUIRepaint ()
UnityEngine.UIElements.UIR.RenderChainCommand:ExecuteNonDrawMesh (UnityEngine.UIElements.UIR.DrawParams,single,System.Exception&)
UnityEngine.UIElements.UIR.UIRenderDevice:EvaluateChain (UnityEngine.UIElements.UIR.RenderChainCommand,UnityEngine.Material,UnityEngine.Texture,UnityEngine.Texture,System.Nullable`1<UnityEngine.Rect>,UnityEngine.Vector2,single,bool,UnityEngine.UIElements.TextureSlotCount,bool,System.Exception&)
UnityEngine.UIElements.UIR.RenderTreeManager:RenderSingleTree (UnityEngine.UIElements.UIR.RenderTree,UnityEngine.RenderTexture,UnityEngine.RectInt,UnityEngine.Rect)
UnityEngine.UIElements.UIR.RenderTreeManager:RenderRootTree ()
UnityEngine.UIElements.UIRRepaintUpdater:Render ()
UnityEngine.UIElements.BaseVisualElementPanel:Render ()
UnityEngine.UIElements.Panel:Render ()
UnityEditor.UIElements.EditorEventDispatchUtility:DoDispatch (UnityEngine.UIElements.BaseVisualElementPanel,UnityEngine.Event)
UnityEditor.UIElements.DefaultWindowBackend:ProcessEvent (UnityEngine.Event)
UnityEditor.GUIView:ProcessEvent (UnityEngine.EntityId,intptr,bool&)

[C:\build\output\unity\unity\Runtime\Math\Quaternion.cpp line 371]

Quaternion To Matrix conversion failed because input Quaternion is invalid {0.321394, 0.383022, -0.141421, 0.856348} l=1.003332
UnityEngine.Debug:ExtractStackTraceNoAlloc (byte*,int,string)
UnityEngine.StackTraceUtility:ExtractStackTrace ()
UnityEngine.Matrix4x4:Internal_TRS (UnityEngine.Vector3&,UnityEngine.Quaternion&,UnityEngine.Vector3&)
UnityEditor.Handles:DoPositionHandle_Internal (UnityEditor.Handles/PositionHandleIds,UnityEngine.Vector3,UnityEngine.Quaternion,UnityEditor.Handles/PositionHandleParam)
UnityEditor.Handles:DoPositionHandle (UnityEditor.Handles/PositionHandleIds,UnityEngine.Vector3,UnityEngine.Quaternion)
UnityEditor.Handles:DoPositionHandle (UnityEngine.Vector3,UnityEngine.Quaternion)
UnityEditor.Handles:PositionHandle (UnityEngine.Vector3,UnityEngine.Quaternion)
UnityEditor.MoveTool:ToolGUI (UnityEditor.SceneView,UnityEngine.Vector3,bool)
UnityEditor.ManipulationTool`1<UnityEditor.MoveTool>:OnToolGUI (UnityEditor.EditorWindow)
UnityEditor.EditorTools.EditorToolManager/EditorToolState:OnToolGUI (UnityEditor.EditorWindow)
UnityEditor.EditorTools.EditorToolManager:OnToolGUI (UnityEditor.EditorWindow)
UnityEditor.SceneView:DefaultHandles ()
UnityEditor.SceneView:DoOnGUI ()
UnityEditor.SceneView:OnSceneGUI ()
UnityEngine.UIElements.IMGUIContainer:DoOnGUI (UnityEngine.Event,UnityEngine.Matrix4x4,UnityEngine.Rect,bool,UnityEngine.Rect,System.Action,bool)
UnityEngine.UIElements.IMGUIContainer:HandleIMGUIEvent (UnityEngine.Event,UnityEngine.Matrix4x4,UnityEngine.Rect,System.Action,bool)
UnityEngine.UIElements.IMGUIContainer:DoIMGUIRepaint ()
UnityEngine.UIElements.UIR.RenderChainCommand:ExecuteNonDrawMesh (UnityEngine.UIElements.UIR.DrawParams,single,System.Exception&)
UnityEngine.UIElements.UIR.UIRenderDevice:EvaluateChain (UnityEngine.UIElements.UIR.RenderChainCommand,UnityEngine.Material,UnityEngine.Texture,UnityEngine.Texture,System.Nullable`1<UnityEngine.Rect>,UnityEngine.Vector2,single,bool,UnityEngine.UIElements.TextureSlotCount,bool,System.Exception&)
UnityEngine.UIElements.UIR.RenderTreeManager:RenderSingleTree (UnityEngine.UIElements.UIR.RenderTree,UnityEngine.RenderTexture,UnityEngine.RectInt,UnityEngine.Rect)
UnityEngine.UIElements.UIR.RenderTreeManager:RenderRootTree ()
UnityEngine.UIElements.UIRRepaintUpdater:Render ()
UnityEngine.UIElements.BaseVisualElementPanel:Render ()
UnityEngine.UIElements.Panel:Render ()
UnityEditor.UIElements.EditorEventDispatchUtility:DoDispatch (UnityEngine.UIElements.BaseVisualElementPanel,UnityEngine.Event)
UnityEditor.UIElements.DefaultWindowBackend:ProcessEvent (UnityEngine.Event)
UnityEditor.GUIView:ProcessEvent (UnityEngine.EntityId,intptr,bool&)

[C:\build\output\unity\unity\Runtime\Math\Quaternion.cpp line 371]

Quaternion To Matrix conversion failed because input Quaternion is invalid {0.321394, 0.383022, -0.141421, 0.856348} l=1.003332
UnityEngine.Debug:ExtractStackTraceNoAlloc (byte*,int,string)
UnityEngine.StackTraceUtility:ExtractStackTrace ()
UnityEngine.Matrix4x4:Internal_TRS (UnityEngine.Vector3&,UnityEngine.Quaternion&,UnityEngine.Vector3&)
UnityEditor.Handles:DoPositionHandle_Internal (UnityEditor.Handles/PositionHandleIds,UnityEngine.Vector3,UnityEngine.Quaternion,UnityEditor.Handles/PositionHandleParam)
UnityEditor.Handles:DoPositionHandle (UnityEditor.Handles/PositionHandleIds,UnityEngine.Vector3,UnityEngine.Quaternion)
UnityEditor.Handles:DoPositionHandle (UnityEngine.Vector3,UnityEngine.Quaternion)
UnityEditor.Handles:PositionHandle (UnityEngine.Vector3,UnityEngine.Quaternion)
UnityEditor.MoveTool:ToolGUI (UnityEditor.SceneView,UnityEngine.Vector3,bool)
UnityEditor.ManipulationTool`1<UnityEditor.MoveTool>:OnToolGUI (UnityEditor.EditorWindow)
UnityEditor.EditorTools.EditorToolManager/EditorToolState:OnToolGUI (UnityEditor.EditorWindow)
UnityEditor.EditorTools.EditorToolManager:OnToolGUI (UnityEditor.EditorWindow)
UnityEditor.SceneView:DefaultHandles ()
UnityEditor.SceneView:DoOnGUI ()
UnityEditor.SceneView:OnSceneGUI ()
UnityEngine.UIElements.IMGUIContainer:DoOnGUI (UnityEngine.Event,UnityEngine.Matrix4x4,UnityEngine.Rect,bool,UnityEngine.Rect,System.Action,bool)
UnityEngine.UIElements.IMGUIContainer:HandleIMGUIEvent (UnityEngine.Event,UnityEngine.Matrix4x4,UnityEngine.Rect,System.Action,bool)
UnityEngine.UIElements.IMGUIContainer:DoIMGUIRepaint ()
UnityEngine.UIElements.UIR.RenderChainCommand:ExecuteNonDrawMesh (UnityEngine.UIElements.UIR.DrawParams,single,System.Exception&)
UnityEngine.UIElements.UIR.UIRenderDevice:EvaluateChain (UnityEngine.UIElements.UIR.RenderChainCommand,UnityEngine.Material,UnityEngine.Texture,UnityEngine.Texture,System.Nullable`1<UnityEngine.Rect>,UnityEngine.Vector2,single,bool,UnityEngine.UIElements.TextureSlotCount,bool,System.Exception&)
UnityEngine.UIElements.UIR.RenderTreeManager:RenderSingleTree (UnityEngine.UIElements.UIR.RenderTree,UnityEngine.RenderTexture,UnityEngine.RectInt,UnityEngine.Rect)
UnityEngine.UIElements.UIR.RenderTreeManager:RenderRootTree ()
UnityEngine.UIElements.UIRRepaintUpdater:Render ()
UnityEngine.UIElements.BaseVisualElementPanel:Render ()
UnityEngine.UIElements.Panel:Render ()
UnityEditor.UIElements.EditorEventDispatchUtility:DoDispatch (UnityEngine.UIElements.BaseVisualElementPanel,UnityEngine.Event)
UnityEditor.UIElements.DefaultWindowBackend:ProcessEvent (UnityEngine.Event)
UnityEditor.GUIView:ProcessEvent (UnityEngine.EntityId,intptr,bool&)

[C:\build\output\unity\unity\Runtime\Math\Quaternion.cpp line 371]

Quaternion To Matrix conversion failed because input Quaternion is invalid {0.321394, 0.383022, -0.141421, 0.856348} l=1.003332
UnityEngine.Debug:ExtractStackTraceNoAlloc (byte*,int,string)
UnityEngine.StackTraceUtility:ExtractStackTrace ()
UnityEngine.Matrix4x4:Internal_TRS (UnityEngine.Vector3&,UnityEngine.Quaternion&,UnityEngine.Vector3&)
UnityEditor.Handles:DoPositionHandle_Internal (UnityEditor.Handles/PositionHandleIds,UnityEngine.Vector3,UnityEngine.Quaternion,UnityEditor.Handles/PositionHandleParam)
UnityEditor.Handles:DoPositionHandle (UnityEditor.Handles/PositionHandleIds,UnityEngine.Vector3,UnityEngine.Quaternion)
UnityEditor.Handles:DoPositionHandle (UnityEngine.Vector3,UnityEngine.Quaternion)
UnityEditor.Handles:PositionHandle (UnityEngine.Vector3,UnityEngine.Quaternion)
UnityEditor.MoveTool:ToolGUI (UnityEditor.SceneView,UnityEngine.Vector3,bool)
UnityEditor.ManipulationTool`1<UnityEditor.MoveTool>:OnToolGUI (UnityEditor.EditorWindow)
UnityEditor.EditorTools.EditorToolManager/EditorToolState:OnToolGUI (UnityEditor.EditorWindow)
UnityEditor.EditorTools.EditorToolManager:OnToolGUI (UnityEditor.EditorWindow)
UnityEditor.SceneView:DefaultHandles ()
UnityEditor.SceneView:DoOnGUI ()
UnityEditor.SceneView:OnSceneGUI ()
UnityEngine.UIElements.IMGUIContainer:DoOnGUI (UnityEngine.Event,UnityEngine.Matrix4x4,UnityEngine.Rect,bool,UnityEngine.Rect,System.Action,bool)
UnityEngine.UIElements.IMGUIContainer:HandleIMGUIEvent (UnityEngine.Event,UnityEngine.Matrix4x4,UnityEngine.Rect,System.Action,bool)
UnityEngine.UIElements.IMGUIContainer:DoIMGUIRepaint ()
UnityEngine.UIElements.UIR.RenderChainCommand:ExecuteNonDrawMesh (UnityEngine.UIElements.UIR.DrawParams,single,System.Exception&)
UnityEngine.UIElements.UIR.UIRenderDevice:EvaluateChain (UnityEngine.UIElements.UIR.RenderChainCommand,UnityEngine.Material,UnityEngine.Texture,UnityEngine.Texture,System.Nullable`1<UnityEngine.Rect>,UnityEngine.Vector2,single,bool,UnityEngine.UIElements.TextureSlotCount,bool,System.Exception&)
UnityEngine.UIElements.UIR.RenderTreeManager:RenderSingleTree (UnityEngine.UIElements.UIR.RenderTree,UnityEngine.RenderTexture,UnityEngine.RectInt,UnityEngine.Rect)
UnityEngine.UIElements.UIR.RenderTreeManager:RenderRootTree ()
UnityEngine.UIElements.UIRRepaintUpdater:Render ()
UnityEngine.UIElements.BaseVisualElementPanel:Render ()
UnityEngine.UIElements.Panel:Render ()
UnityEditor.UIElements.EditorEventDispatchUtility:DoDispatch (UnityEngine.UIElements.BaseVisualElementPanel,UnityEngine.Event)
UnityEditor.UIElements.DefaultWindowBackend:ProcessEvent (UnityEngine.Event)
UnityEditor.GUIView:ProcessEvent (UnityEngine.EntityId,intptr,bool&)

[C:\build\output\unity\unity\Runtime\Math\Quaternion.cpp line 371]

Quaternion To Matrix conversion failed because input Quaternion is invalid {0.321394, 0.383022, -0.141421, 0.856348} l=1.003332
UnityEngine.Debug:ExtractStackTraceNoAlloc (byte*,int,string)
UnityEngine.StackTraceUtility:ExtractStackTrace ()
UnityEngine.Matrix4x4:Internal_TRS (UnityEngine.Vector3&,UnityEngine.Quaternion&,UnityEngine.Vector3&)
UnityEditor.Handles:DoPositionHandle_Internal (UnityEditor.Handles/PositionHandleIds,UnityEngine.Vector3,UnityEngine.Quaternion,UnityEditor.Handles/PositionHandleParam)
UnityEditor.Handles:DoPositionHandle (UnityEditor.Handles/PositionHandleIds,UnityEngine.Vector3,UnityEngine.Quaternion)
UnityEditor.Handles:DoPositionHandle (UnityEngine.Vector3,UnityEngine.Quaternion)
UnityEditor.Handles:PositionHandle (UnityEngine.Vector3,UnityEngine.Quaternion)
UnityEditor.MoveTool:ToolGUI (UnityEditor.SceneView,UnityEngine.Vector3,bool)
UnityEditor.ManipulationTool`1<UnityEditor.MoveTool>:OnToolGUI (UnityEditor.EditorWindow)
UnityEditor.EditorTools.EditorToolManager/EditorToolState:OnToolGUI (UnityEditor.EditorWindow)
UnityEditor.EditorTools.EditorToolManager:OnToolGUI (UnityEditor.EditorWindow)
UnityEditor.SceneView:DefaultHandles ()
UnityEditor.SceneView:DoOnGUI ()
UnityEditor.SceneView:OnSceneGUI ()
UnityEngine.UIElements.IMGUIContainer:DoOnGUI (UnityEngine.Event,UnityEngine.Matrix4x4,UnityEngine.Rect,bool,UnityEngine.Rect,System.Action,bool)
UnityEngine.UIElements.IMGUIContainer:HandleIMGUIEvent (UnityEngine.Event,UnityEngine.Matrix4x4,UnityEngine.Rect,System.Action,bool)
UnityEngine.UIElements.IMGUIContainer:DoIMGUIRepaint ()
UnityEngine.UIElements.UIR.RenderChainCommand:ExecuteNonDrawMesh (UnityEngine.UIElements.UIR.DrawParams,single,System.Exception&)
UnityEngine.UIElements.UIR.UIRenderDevice:EvaluateChain (UnityEngine.UIElements.UIR.RenderChainCommand,UnityEngine.Material,UnityEngine.Texture,UnityEngine.Texture,System.Nullable`1<UnityEngine.Rect>,UnityEngine.Vector2,single,bool,UnityEngine.UIElements.TextureSlotCount,bool,System.Exception&)
UnityEngine.UIElements.UIR.RenderTreeManager:RenderSingleTree (UnityEngine.UIElements.UIR.RenderTree,UnityEngine.RenderTexture,UnityEngine.RectInt,UnityEngine.Rect)
UnityEngine.UIElements.UIR.RenderTreeManager:RenderRootTree ()
UnityEngine.UIElements.UIRRepaintUpdater:Render ()
UnityEngine.UIElements.BaseVisualElementPanel:Render ()
UnityEngine.UIElements.Panel:Render ()
UnityEditor.UIElements.EditorEventDispatchUtility:DoDispatch (UnityEngine.UIElements.BaseVisualElementPanel,UnityEngine.Event)
UnityEditor.UIElements.DefaultWindowBackend:ProcessEvent (UnityEngine.Event)
UnityEditor.GUIView:ProcessEvent (UnityEngine.EntityId,intptr,bool&)

[C:\build\output\unity\unity\Runtime\Math\Quaternion.cpp line 371]

Quaternion To Matrix conversion failed because input Quaternion is invalid {0.321394, 0.383022, -0.141421, 0.856348} l=1.003332
UnityEngine.Debug:ExtractStackTraceNoAlloc (byte*,int,string)
UnityEngine.StackTraceUtility:ExtractStackTrace ()
UnityEngine.Matrix4x4:Internal_TRS (UnityEngine.Vector3&,UnityEngine.Quaternion&,UnityEngine.Vector3&)
UnityEditor.Handles:DoPositionHandle_Internal (UnityEditor.Handles/PositionHandleIds,UnityEngine.Vector3,UnityEngine.Quaternion,UnityEditor.Handles/PositionHandleParam)
UnityEditor.Handles:DoPositionHandle (UnityEditor.Handles/PositionHandleIds,UnityEngine.Vector3,UnityEngine.Quaternion)
UnityEditor.Handles:DoPositionHandle (UnityEngine.Vector3,UnityEngine.Quaternion)
UnityEditor.Handles:PositionHandle (UnityEngine.Vector3,UnityEngine.Quaternion)
UnityEditor.MoveTool:ToolGUI (UnityEditor.SceneView,UnityEngine.Vector3,bool)
UnityEditor.ManipulationTool`1<UnityEditor.MoveTool>:OnToolGUI (UnityEditor.EditorWindow)
UnityEditor.EditorTools.EditorToolManager/EditorToolState:OnToolGUI (UnityEditor.EditorWindow)
UnityEditor.EditorTools.EditorToolManager:OnToolGUI (UnityEditor.EditorWindow)
UnityEditor.SceneView:DefaultHandles ()
UnityEditor.SceneView:DoOnGUI ()
UnityEditor.SceneView:OnSceneGUI ()
UnityEngine.UIElements.IMGUIContainer:DoOnGUI (UnityEngine.Event,UnityEngine.Matrix4x4,UnityEngine.Rect,bool,UnityEngine.Rect,System.Action,bool)
UnityEngine.UIElements.IMGUIContainer:HandleIMGUIEvent (UnityEngine.Event,UnityEngine.Matrix4x4,UnityEngine.Rect,System.Action,bool)
UnityEngine.UIElements.IMGUIContainer:DoIMGUIRepaint ()
UnityEngine.UIElements.UIR.RenderChainCommand:ExecuteNonDrawMesh (UnityEngine.UIElements.UIR.DrawParams,single,System.Exception&)
UnityEngine.UIElements.UIR.UIRenderDevice:EvaluateChain (UnityEngine.UIElements.UIR.RenderChainCommand,UnityEngine.Material,UnityEngine.Texture,UnityEngine.Texture,System.Nullable`1<UnityEngine.Rect>,UnityEngine.Vector2,single,bool,UnityEngine.UIElements.TextureSlotCount,bool,System.Exception&)
UnityEngine.UIElements.UIR.RenderTreeManager:RenderSingleTree (UnityEngine.UIElements.UIR.RenderTree,UnityEngine.RenderTexture,UnityEngine.RectInt,UnityEngine.Rect)
UnityEngine.UIElements.UIR.RenderTreeManager:RenderRootTree ()
UnityEngine.UIElements.UIRRepaintUpdater:Render ()
UnityEngine.UIElements.BaseVisualElementPanel:Render ()
UnityEngine.UIElements.Panel:Render ()
UnityEditor.UIElements.EditorEventDispatchUtility:DoDispatch (UnityEngine.UIElements.BaseVisualElementPanel,UnityEngine.Event)
UnityEditor.UIElements.DefaultWindowBackend:ProcessEvent (UnityEngine.Event)
UnityEditor.GUIView:ProcessEvent (UnityEngine.EntityId,intptr,bool&)

[C:\build\output\unity\unity\Runtime\Math\Quaternion.cpp line 371]

Quaternion To Matrix conversion failed because input Quaternion is invalid {0.321394, 0.383022, -0.141421, 0.856348} l=1.003332
UnityEngine.Debug:ExtractStackTraceNoAlloc (byte*,int,string)
UnityEngine.StackTraceUtility:ExtractStackTrace ()
UnityEngine.Matrix4x4:Internal_TRS (UnityEngine.Vector3&,UnityEngine.Quaternion&,UnityEngine.Vector3&)
UnityEditor.Handles:DoPositionHandle_Internal (UnityEditor.Handles/PositionHandleIds,UnityEngine.Vector3,UnityEngine.Quaternion,UnityEditor.Handles/PositionHandleParam)
UnityEditor.Handles:DoPositionHandle (UnityEditor.Handles/PositionHandleIds,UnityEngine.Vector3,UnityEngine.Quaternion)
UnityEditor.Handles:DoPositionHandle (UnityEngine.Vector3,UnityEngine.Quaternion)
UnityEditor.Handles:PositionHandle (UnityEngine.Vector3,UnityEngine.Quaternion)
UnityEditor.MoveTool:ToolGUI (UnityEditor.SceneView,UnityEngine.Vector3,bool)
UnityEditor.ManipulationTool`1<UnityEditor.MoveTool>:OnToolGUI (UnityEditor.EditorWindow)
UnityEditor.EditorTools.EditorToolManager/EditorToolState:OnToolGUI (UnityEditor.EditorWindow)
UnityEditor.EditorTools.EditorToolManager:OnToolGUI (UnityEditor.EditorWindow)
UnityEditor.SceneView:DefaultHandles ()
UnityEditor.SceneView:DoOnGUI ()
UnityEditor.SceneView:OnSceneGUI ()
UnityEngine.UIElements.IMGUIContainer:DoOnGUI (UnityEngine.Event,UnityEngine.Matrix4x4,UnityEngine.Rect,bool,UnityEngine.Rect,System.Action,bool)
UnityEngine.UIElements.IMGUIContainer:HandleIMGUIEvent (UnityEngine.Event,UnityEngine.Matrix4x4,UnityEngine.Rect,System.Action,bool)
UnityEngine.UIElements.IMGUIContainer:DoIMGUIRepaint ()
UnityEngine.UIElements.UIR.RenderChainCommand:ExecuteNonDrawMesh (UnityEngine.UIElements.UIR.DrawParams,single,System.Exception&)
UnityEngine.UIElements.UIR.UIRenderDevice:EvaluateChain (UnityEngine.UIElements.UIR.RenderChainCommand,UnityEngine.Material,UnityEngine.Texture,UnityEngine.Texture,System.Nullable`1<UnityEngine.Rect>,UnityEngine.Vector2,single,bool,UnityEngine.UIElements.TextureSlotCount,bool,System.Exception&)
UnityEngine.UIElements.UIR.RenderTreeManager:RenderSingleTree (UnityEngine.UIElements.UIR.RenderTree,UnityEngine.RenderTexture,UnityEngine.RectInt,UnityEngine.Rect)
UnityEngine.UIElements.UIR.RenderTreeManager:RenderRootTree ()
UnityEngine.UIElements.UIRRepaintUpdater:Render ()
UnityEngine.UIElements.BaseVisualElementPanel:Render ()
UnityEngine.UIElements.Panel:Render ()
UnityEditor.UIElements.EditorEventDispatchUtility:DoDispatch (UnityEngine.UIElements.BaseVisualElementPanel,UnityEngine.Event)
UnityEditor.UIElements.DefaultWindowBackend:ProcessEvent (UnityEngine.Event)
UnityEditor.GUIView:ProcessEvent (UnityEngine.EntityId,intptr,bool&)

[C:\build\output\unity\unity\Runtime\Math\Quaternion.cpp line 371]

Quaternion To Matrix conversion failed because input Quaternion is invalid {0.321394, 0.383022, -0.141421, 0.856348} l=1.003332
UnityEngine.Debug:ExtractStackTraceNoAlloc (byte*,int,string)
UnityEngine.StackTraceUtility:ExtractStackTrace ()
UnityEngine.Matrix4x4:Internal_TRS (UnityEngine.Vector3&,UnityEngine.Quaternion&,UnityEngine.Vector3&)
UnityEditor.Handles:DoPositionHandle_Internal (UnityEditor.Handles/PositionHandleIds,UnityEngine.Vector3,UnityEngine.Quaternion,UnityEditor.Handles/PositionHandleParam)
UnityEditor.Handles:DoPositionHandle (UnityEditor.Handles/PositionHandleIds,UnityEngine.Vector3,UnityEngine.Quaternion)
UnityEditor.Handles:DoPositionHandle (UnityEngine.Vector3,UnityEngine.Quaternion)
UnityEditor.Handles:PositionHandle (UnityEngine.Vector3,UnityEngine.Quaternion)
UnityEditor.MoveTool:ToolGUI (UnityEditor.SceneView,UnityEngine.Vector3,bool)
UnityEditor.ManipulationTool`1<UnityEditor.MoveTool>:OnToolGUI (UnityEditor.EditorWindow)
UnityEditor.EditorTools.EditorToolManager/EditorToolState:OnToolGUI (UnityEditor.EditorWindow)
UnityEditor.EditorTools.EditorToolManager:OnToolGUI (UnityEditor.EditorWindow)
UnityEditor.SceneView:DefaultHandles ()
UnityEditor.SceneView:DoOnGUI ()
UnityEditor.SceneView:OnSceneGUI ()
UnityEngine.UIElements.IMGUIContainer:DoOnGUI (UnityEngine.Event,UnityEngine.Matrix4x4,UnityEngine.Rect,bool,UnityEngine.Rect,System.Action,bool)
UnityEngine.UIElements.IMGUIContainer:HandleIMGUIEvent (UnityEngine.Event,UnityEngine.Matrix4x4,UnityEngine.Rect,System.Action,bool)
UnityEngine.UIElements.IMGUIContainer:DoIMGUIRepaint ()
UnityEngine.UIElements.UIR.RenderChainCommand:ExecuteNonDrawMesh (UnityEngine.UIElements.UIR.DrawParams,single,System.Exception&)
UnityEngine.UIElements.UIR.UIRenderDevice:EvaluateChain (UnityEngine.UIElements.UIR.RenderChainCommand,UnityEngine.Material,UnityEngine.Texture,UnityEngine.Texture,System.Nullable`1<UnityEngine.Rect>,UnityEngine.Vector2,single,bool,UnityEngine.UIElements.TextureSlotCount,bool,System.Exception&)
UnityEngine.UIElements.UIR.RenderTreeManager:RenderSingleTree (UnityEngine.UIElements.UIR.RenderTree,UnityEngine.RenderTexture,UnityEngine.RectInt,UnityEngine.Rect)
UnityEngine.UIElements.UIR.RenderTreeManager:RenderRootTree ()
UnityEngine.UIElements.UIRRepaintUpdater:Render ()
UnityEngine.UIElements.BaseVisualElementPanel:Render ()
UnityEngine.UIElements.Panel:Render ()
UnityEditor.UIElements.EditorEventDispatchUtility:DoDispatch (UnityEngine.UIElements.BaseVisualElementPanel,UnityEngine.Event)
UnityEditor.UIElements.DefaultWindowBackend:ProcessEvent (UnityEngine.Event)
UnityEditor.GUIView:ProcessEvent (UnityEngine.EntityId,intptr,bool&)

[C:\build\output\unity\unity\Runtime\Math\Quaternion.cpp line 371]

Quaternion To Matrix conversion failed because input Quaternion is invalid {0.321394, 0.383022, -0.141421, 0.856348} l=1.003332
UnityEngine.Debug:ExtractStackTraceNoAlloc (byte*,int,string)
UnityEngine.StackTraceUtility:ExtractStackTrace ()
UnityEngine.Matrix4x4:Internal_TRS (UnityEngine.Vector3&,UnityEngine.Quaternion&,UnityEngine.Vector3&)
UnityEditor.Handles:DoPositionHandle_Internal (UnityEditor.Handles/PositionHandleIds,UnityEngine.Vector3,UnityEngine.Quaternion,UnityEditor.Handles/PositionHandleParam)
UnityEditor.Handles:DoPositionHandle (UnityEditor.Handles/PositionHandleIds,UnityEngine.Vector3,UnityEngine.Quaternion)
UnityEditor.Handles:DoPositionHandle (UnityEngine.Vector3,UnityEngine.Quaternion)
UnityEditor.Handles:PositionHandle (UnityEngine.Vector3,UnityEngine.Quaternion)
UnityEditor.MoveTool:ToolGUI (UnityEditor.SceneView,UnityEngine.Vector3,bool)
UnityEditor.ManipulationTool`1<UnityEditor.MoveTool>:OnToolGUI (UnityEditor.EditorWindow)
UnityEditor.EditorTools.EditorToolManager/EditorToolState:OnToolGUI (UnityEditor.EditorWindow)
UnityEditor.EditorTools.EditorToolManager:OnToolGUI (UnityEditor.EditorWindow)
UnityEditor.SceneView:DefaultHandles ()
UnityEditor.SceneView:DoOnGUI ()
UnityEditor.SceneView:OnSceneGUI ()
UnityEngine.UIElements.IMGUIContainer:DoOnGUI (UnityEngine.Event,UnityEngine.Matrix4x4,UnityEngine.Rect,bool,UnityEngine.Rect,System.Action,bool)
UnityEngine.UIElements.IMGUIContainer:HandleIMGUIEvent (UnityEngine.Event,UnityEngine.Matrix4x4,UnityEngine.Rect,System.Action,bool)
UnityEngine.UIElements.IMGUIContainer:DoIMGUIRepaint ()
UnityEngine.UIElements.UIR.RenderChainCommand:ExecuteNonDrawMesh (UnityEngine.UIElements.UIR.DrawParams,single,System.Exception&)
UnityEngine.UIElements.UIR.UIRenderDevice:EvaluateChain (UnityEngine.UIElements.UIR.RenderChainCommand,UnityEngine.Material,UnityEngine.Texture,UnityEngine.Texture,System.Nullable`1<UnityEngine.Rect>,UnityEngine.Vector2,single,bool,UnityEngine.UIElements.TextureSlotCount,bool,System.Exception&)
UnityEngine.UIElements.UIR.RenderTreeManager:RenderSingleTree (UnityEngine.UIElements.UIR.RenderTree,UnityEngine.RenderTexture,UnityEngine.RectInt,UnityEngine.Rect)
UnityEngine.UIElements.UIR.RenderTreeManager:RenderRootTree ()
UnityEngine.UIElements.UIRRepaintUpdater:Render ()
UnityEngine.UIElements.BaseVisualElementPanel:Render ()
UnityEngine.UIElements.Panel:Render ()
UnityEditor.UIElements.EditorEventDispatchUtility:DoDispatch (UnityEngine.UIElements.BaseVisualElementPanel,UnityEngine.Event)
UnityEditor.UIElements.DefaultWindowBackend:ProcessEvent (UnityEngine.Event)
UnityEditor.GUIView:ProcessEvent (UnityEngine.EntityId,intptr,bool&)

[C:\build\output\unity\unity\Runtime\Math\Quaternion.cpp line 371]

Quaternion To Matrix conversion failed because input Quaternion is invalid {0.321394, 0.383022, -0.141421, 0.856348} l=1.003332
UnityEngine.Debug:ExtractStackTraceNoAlloc (byte*,int,string)
UnityEngine.StackTraceUtility:ExtractStackTrace ()
UnityEngine.Matrix4x4:Internal_TRS (UnityEngine.Vector3&,UnityEngine.Quaternion&,UnityEngine.Vector3&)
UnityEditor.Handles:DoPositionHandle_Internal (UnityEditor.Handles/PositionHandleIds,UnityEngine.Vector3,UnityEngine.Quaternion,UnityEditor.Handles/PositionHandleParam)
UnityEditor.Handles:DoPositionHandle (UnityEditor.Handles/PositionHandleIds,UnityEngine.Vector3,UnityEngine.Quaternion)
UnityEditor.Handles:DoPositionHandle (UnityEngine.Vector3,UnityEngine.Quaternion)
UnityEditor.Handles:PositionHandle (UnityEngine.Vector3,UnityEngine.Quaternion)
UnityEditor.MoveTool:ToolGUI (UnityEditor.SceneView,UnityEngine.Vector3,bool)
UnityEditor.ManipulationTool`1<UnityEditor.MoveTool>:OnToolGUI (UnityEditor.EditorWindow)
UnityEditor.EditorTools.EditorToolManager/EditorToolState:OnToolGUI (UnityEditor.EditorWindow)
UnityEditor.EditorTools.EditorToolManager:OnToolGUI (UnityEditor.EditorWindow)
UnityEditor.SceneView:DefaultHandles ()
UnityEditor.SceneView:DoOnGUI ()
UnityEditor.SceneView:OnSceneGUI ()
UnityEngine.UIElements.IMGUIContainer:DoOnGUI (UnityEngine.Event,UnityEngine.Matrix4x4,UnityEngine.Rect,bool,UnityEngine.Rect,System.Action,bool)
UnityEngine.UIElements.IMGUIContainer:HandleIMGUIEvent (UnityEngine.Event,UnityEngine.Matrix4x4,UnityEngine.Rect,System.Action,bool)
UnityEngine.UIElements.IMGUIContainer:DoIMGUIRepaint ()
UnityEngine.UIElements.UIR.RenderChainCommand:ExecuteNonDrawMesh (UnityEngine.UIElements.UIR.DrawParams,single,System.Exception&)
UnityEngine.UIElements.UIR.UIRenderDevice:EvaluateChain (UnityEngine.UIElements.UIR.RenderChainCommand,UnityEngine.Material,UnityEngine.Texture,UnityEngine.Texture,System.Nullable`1<UnityEngine.Rect>,UnityEngine.Vector2,single,bool,UnityEngine.UIElements.TextureSlotCount,bool,System.Exception&)
UnityEngine.UIElements.UIR.RenderTreeManager:RenderSingleTree (UnityEngine.UIElements.UIR.RenderTree,UnityEngine.RenderTexture,UnityEngine.RectInt,UnityEngine.Rect)
UnityEngine.UIElements.UIR.RenderTreeManager:RenderRootTree ()
UnityEngine.UIElements.UIRRepaintUpdater:Render ()
UnityEngine.UIElements.BaseVisualElementPanel:Render ()
UnityEngine.UIElements.Panel:Render ()
UnityEditor.UIElements.EditorEventDispatchUtility:DoDispatch (UnityEngine.UIElements.BaseVisualElementPanel,UnityEngine.Event)
UnityEditor.UIElements.DefaultWindowBackend:ProcessEvent (UnityEngine.Event)
UnityEditor.GUIView:ProcessEvent (UnityEngine.EntityId,intptr,bool&)

[C:\build\output\unity\unity\Runtime\Math\Quaternion.cpp line 371]

Quaternion To Matrix conversion failed because input Quaternion is invalid {0.321394, 0.383022, -0.141421, 0.856348} l=1.003332
UnityEngine.Debug:ExtractStackTraceNoAlloc (byte*,int,string)
UnityEngine.StackTraceUtility:ExtractStackTrace ()
UnityEngine.Matrix4x4:Internal_TRS (UnityEngine.Vector3&,UnityEngine.Quaternion&,UnityEngine.Vector3&)
UnityEditor.Handles:DoPositionHandle_Internal (UnityEditor.Handles/PositionHandleIds,UnityEngine.Vector3,UnityEngine.Quaternion,UnityEditor.Handles/PositionHandleParam)
UnityEditor.Handles:DoPositionHandle (UnityEditor.Handles/PositionHandleIds,UnityEngine.Vector3,UnityEngine.Quaternion)
UnityEditor.Handles:DoPositionHandle (UnityEngine.Vector3,UnityEngine.Quaternion)
UnityEditor.Handles:PositionHandle (UnityEngine.Vector3,UnityEngine.Quaternion)
UnityEditor.MoveTool:ToolGUI (UnityEditor.SceneView,UnityEngine.Vector3,bool)
UnityEditor.ManipulationTool`1<UnityEditor.MoveTool>:OnToolGUI (UnityEditor.EditorWindow)
UnityEditor.EditorTools.EditorToolManager/EditorToolState:OnToolGUI (UnityEditor.EditorWindow)
UnityEditor.EditorTools.EditorToolManager:OnToolGUI (UnityEditor.EditorWindow)
UnityEditor.SceneView:DefaultHandles ()
UnityEditor.SceneView:DoOnGUI ()
UnityEditor.SceneView:OnSceneGUI ()
UnityEngine.UIElements.IMGUIContainer:DoOnGUI (UnityEngine.Event,UnityEngine.Matrix4x4,UnityEngine.Rect,bool,UnityEngine.Rect,System.Action,bool)
UnityEngine.UIElements.IMGUIContainer:HandleIMGUIEvent (UnityEngine.Event,UnityEngine.Matrix4x4,UnityEngine.Rect,System.Action,bool)
UnityEngine.UIElements.IMGUIContainer:DoIMGUIRepaint ()
UnityEngine.UIElements.UIR.RenderChainCommand:ExecuteNonDrawMesh (UnityEngine.UIElements.UIR.DrawParams,single,System.Exception&)
UnityEngine.UIElements.UIR.UIRenderDevice:EvaluateChain (UnityEngine.UIElements.UIR.RenderChainCommand,UnityEngine.Material,UnityEngine.Texture,UnityEngine.Texture,System.Nullable`1<UnityEngine.Rect>,UnityEngine.Vector2,single,bool,UnityEngine.UIElements.TextureSlotCount,bool,System.Exception&)
UnityEngine.UIElements.UIR.RenderTreeManager:RenderSingleTree (UnityEngine.UIElements.UIR.RenderTree,UnityEngine.RenderTexture,UnityEngine.RectInt,UnityEngine.Rect)
UnityEngine.UIElements.UIR.RenderTreeManager:RenderRootTree ()
UnityEngine.UIElements.UIRRepaintUpdater:Render ()
UnityEngine.UIElements.BaseVisualElementPanel:Render ()
UnityEngine.UIElements.Panel:Render ()
UnityEditor.UIElements.EditorEventDispatchUtility:DoDispatch (UnityEngine.UIElements.BaseVisualElementPanel,UnityEngine.Event)
UnityEditor.UIElements.DefaultWindowBackend:ProcessEvent (UnityEngine.Event)
UnityEditor.GUIView:ProcessEvent (UnityEngine.EntityId,intptr,bool&)

[C:\build\output\unity\unity\Runtime\Math\Quaternion.cpp line 371]

Quaternion To Matrix conversion failed because input Quaternion is invalid {0.321394, 0.383022, -0.141421, 0.856348} l=1.003332
UnityEngine.Debug:ExtractStackTraceNoAlloc (byte*,int,string)
UnityEngine.StackTraceUtility:ExtractStackTrace ()
UnityEngine.Matrix4x4:Internal_TRS (UnityEngine.Vector3&,UnityEngine.Quaternion&,UnityEngine.Vector3&)
UnityEditor.Handles:DoPositionHandle_Internal (UnityEditor.Handles/PositionHandleIds,UnityEngine.Vector3,UnityEngine.Quaternion,UnityEditor.Handles/PositionHandleParam)
UnityEditor.Handles:DoPositionHandle (UnityEditor.Handles/PositionHandleIds,UnityEngine.Vector3,UnityEngine.Quaternion)
UnityEditor.Handles:DoPositionHandle (UnityEngine.Vector3,UnityEngine.Quaternion)
UnityEditor.Handles:PositionHandle (UnityEngine.Vector3,UnityEngine.Quaternion)
UnityEditor.MoveTool:ToolGUI (UnityEditor.SceneView,UnityEngine.Vector3,bool)
UnityEditor.ManipulationTool`1<UnityEditor.MoveTool>:OnToolGUI (UnityEditor.EditorWindow)
UnityEditor.EditorTools.EditorToolManager/EditorToolState:OnToolGUI (UnityEditor.EditorWindow)
UnityEditor.EditorTools.EditorToolManager:OnToolGUI (UnityEditor.EditorWindow)
UnityEditor.SceneView:DefaultHandles ()
UnityEditor.SceneView:DoOnGUI ()
UnityEditor.SceneView:OnSceneGUI ()
UnityEngine.UIElements.IMGUIContainer:DoOnGUI (UnityEngine.Event,UnityEngine.Matrix4x4,UnityEngine.Rect,bool,UnityEngine.Rect,System.Action,bool)
UnityEngine.UIElements.IMGUIContainer:HandleIMGUIEvent (UnityEngine.Event,UnityEngine.Matrix4x4,UnityEngine.Rect,System.Action,bool)
UnityEngine.UIElements.IMGUIContainer:DoIMGUIRepaint ()
UnityEngine.UIElements.UIR.RenderChainCommand:ExecuteNonDrawMesh (UnityEngine.UIElements.UIR.DrawParams,single,System.Exception&)
UnityEngine.UIElements.UIR.UIRenderDevice:EvaluateChain (UnityEngine.UIElements.UIR.RenderChainCommand,UnityEngine.Material,UnityEngine.Texture,UnityEngine.Texture,System.Nullable`1<UnityEngine.Rect>,UnityEngine.Vector2,single,bool,UnityEngine.UIElements.TextureSlotCount,bool,System.Exception&)
UnityEngine.UIElements.UIR.RenderTreeManager:RenderSingleTree (UnityEngine.UIElements.UIR.RenderTree,UnityEngine.RenderTexture,UnityEngine.RectInt,UnityEngine.Rect)
UnityEngine.UIElements.UIR.RenderTreeManager:RenderRootTree ()
UnityEngine.UIElements.UIRRepaintUpdater:Render ()
UnityEngine.UIElements.BaseVisualElementPanel:Render ()
UnityEngine.UIElements.Panel:Render ()
UnityEditor.UIElements.EditorEventDispatchUtility:DoDispatch (UnityEngine.UIElements.BaseVisualElementPanel,UnityEngine.Event)
UnityEditor.UIElements.DefaultWindowBackend:ProcessEvent (UnityEngine.Event)
UnityEditor.GUIView:ProcessEvent (UnityEngine.EntityId,intptr,bool&)

[C:\build\output\unity\unity\Runtime\Math\Quaternion.cpp line 371]

Quaternion To Matrix conversion failed because input Quaternion is invalid {0.321394, 0.383022, -0.141421, 0.856348} l=1.003332
UnityEngine.Debug:ExtractStackTraceNoAlloc (byte*,int,string)
UnityEngine.StackTraceUtility:ExtractStackTrace ()
UnityEngine.Matrix4x4:Internal_TRS (UnityEngine.Vector3&,UnityEngine.Quaternion&,UnityEngine.Vector3&)
UnityEditor.Handles:DoPositionHandle_Internal (UnityEditor.Handles/PositionHandleIds,UnityEngine.Vector3,UnityEngine.Quaternion,UnityEditor.Handles/PositionHandleParam)
UnityEditor.Handles:DoPositionHandle (UnityEditor.Handles/PositionHandleIds,UnityEngine.Vector3,UnityEngine.Quaternion)
UnityEditor.Handles:DoPositionHandle (UnityEngine.Vector3,UnityEngine.Quaternion)
UnityEditor.Handles:PositionHandle (UnityEngine.Vector3,UnityEngine.Quaternion)
UnityEditor.MoveTool:ToolGUI (UnityEditor.SceneView,UnityEngine.Vector3,bool)
UnityEditor.ManipulationTool`1<UnityEditor.MoveTool>:OnToolGUI (UnityEditor.EditorWindow)
UnityEditor.EditorTools.EditorToolManager/EditorToolState:OnToolGUI (UnityEditor.EditorWindow)
UnityEditor.EditorTools.EditorToolManager:OnToolGUI (UnityEditor.EditorWindow)
UnityEditor.SceneView:DefaultHandles ()
UnityEditor.SceneView:DoOnGUI ()
UnityEditor.SceneView:OnSceneGUI ()
UnityEngine.UIElements.IMGUIContainer:DoOnGUI (UnityEngine.Event,UnityEngine.Matrix4x4,UnityEngine.Rect,bool,UnityEngine.Rect,System.Action,bool)
UnityEngine.UIElements.IMGUIContainer:HandleIMGUIEvent (UnityEngine.Event,UnityEngine.Matrix4x4,UnityEngine.Rect,System.Action,bool)
UnityEngine.UIElements.IMGUIContainer:DoIMGUIRepaint ()
UnityEngine.UIElements.UIR.RenderChainCommand:ExecuteNonDrawMesh (UnityEngine.UIElements.UIR.DrawParams,single,System.Exception&)
UnityEngine.UIElements.UIR.UIRenderDevice:EvaluateChain (UnityEngine.UIElements.UIR.RenderChainCommand,UnityEngine.Material,UnityEngine.Texture,UnityEngine.Texture,System.Nullable`1<UnityEngine.Rect>,UnityEngine.Vector2,single,bool,UnityEngine.UIElements.TextureSlotCount,bool,System.Exception&)
UnityEngine.UIElements.UIR.RenderTreeManager:RenderSingleTree (UnityEngine.UIElements.UIR.RenderTree,UnityEngine.RenderTexture,UnityEngine.RectInt,UnityEngine.Rect)
UnityEngine.UIElements.UIR.RenderTreeManager:RenderRootTree ()
UnityEngine.UIElements.UIRRepaintUpdater:Render ()
UnityEngine.UIElements.BaseVisualElementPanel:Render ()
UnityEngine.UIElements.Panel:Render ()
UnityEditor.UIElements.EditorEventDispatchUtility:DoDispatch (UnityEngine.UIElements.BaseVisualElementPanel,UnityEngine.Event)
UnityEditor.UIElements.DefaultWindowBackend:ProcessEvent (UnityEngine.Event)
UnityEditor.GUIView:ProcessEvent (UnityEngine.EntityId,intptr,bool&)

[C:\build\output\unity\unity\Runtime\Math\Quaternion.cpp line 371]

Quaternion To Matrix conversion failed because input Quaternion is invalid {0.321394, 0.383022, -0.141421, 0.856348} l=1.003332
UnityEngine.Debug:ExtractStackTraceNoAlloc (byte*,int,string)
UnityEngine.StackTraceUtility:ExtractStackTrace ()
UnityEngine.Matrix4x4:Internal_TRS (UnityEngine.Vector3&,UnityEngine.Quaternion&,UnityEngine.Vector3&)
UnityEditor.Handles:DoPositionHandle_Internal (UnityEditor.Handles/PositionHandleIds,UnityEngine.Vector3,UnityEngine.Quaternion,UnityEditor.Handles/PositionHandleParam)
UnityEditor.Handles:DoPositionHandle (UnityEditor.Handles/PositionHandleIds,UnityEngine.Vector3,UnityEngine.Quaternion)
UnityEditor.Handles:DoPositionHandle (UnityEngine.Vector3,UnityEngine.Quaternion)
UnityEditor.Handles:PositionHandle (UnityEngine.Vector3,UnityEngine.Quaternion)
UnityEditor.MoveTool:ToolGUI (UnityEditor.SceneView,UnityEngine.Vector3,bool)
UnityEditor.ManipulationTool`1<UnityEditor.MoveTool>:OnToolGUI (UnityEditor.EditorWindow)
UnityEditor.EditorTools.EditorToolManager/EditorToolState:OnToolGUI (UnityEditor.EditorWindow)
UnityEditor.EditorTools.EditorToolManager:OnToolGUI (UnityEditor.EditorWindow)
UnityEditor.SceneView:DefaultHandles ()
UnityEditor.SceneView:DoOnGUI ()
UnityEditor.SceneView:OnSceneGUI ()
UnityEngine.UIElements.IMGUIContainer:DoOnGUI (UnityEngine.Event,UnityEngine.Matrix4x4,UnityEngine.Rect,bool,UnityEngine.Rect,System.Action,bool)
UnityEngine.UIElements.IMGUIContainer:HandleIMGUIEvent (UnityEngine.Event,UnityEngine.Matrix4x4,UnityEngine.Rect,System.Action,bool)
UnityEngine.UIElements.IMGUIContainer:DoIMGUIRepaint ()
UnityEngine.UIElements.UIR.RenderChainCommand:ExecuteNonDrawMesh (UnityEngine.UIElements.UIR.DrawParams,single,System.Exception&)
UnityEngine.UIElements.UIR.UIRenderDevice:EvaluateChain (UnityEngine.UIElements.UIR.RenderChainCommand,UnityEngine.Material,UnityEngine.Texture,UnityEngine.Texture,System.Nullable`1<UnityEngine.Rect>,UnityEngine.Vector2,single,bool,UnityEngine.UIElements.TextureSlotCount,bool,System.Exception&)
UnityEngine.UIElements.UIR.RenderTreeManager:RenderSingleTree (UnityEngine.UIElements.UIR.RenderTree,UnityEngine.RenderTexture,UnityEngine.RectInt,UnityEngine.Rect)
UnityEngine.UIElements.UIR.RenderTreeManager:RenderRootTree ()
UnityEngine.UIElements.UIRRepaintUpdater:Render ()
UnityEngine.UIElements.BaseVisualElementPanel:Render ()
UnityEngine.UIElements.Panel:Render ()
UnityEditor.UIElements.EditorEventDispatchUtility:DoDispatch (UnityEngine.UIElements.BaseVisualElementPanel,UnityEngine.Event)
UnityEditor.UIElements.DefaultWindowBackend:ProcessEvent (UnityEngine.Event)
UnityEditor.GUIView:ProcessEvent (UnityEngine.EntityId,intptr,bool&)

[C:\build\output\unity\unity\Runtime\Math\Quaternion.cpp line 371]

Quaternion To Matrix conversion failed because input Quaternion is invalid {0.321394, 0.383022, -0.141421, 0.856348} l=1.003332
UnityEngine.Debug:ExtractStackTraceNoAlloc (byte*,int,string)
UnityEngine.StackTraceUtility:ExtractStackTrace ()
UnityEngine.Matrix4x4:Internal_TRS (UnityEngine.Vector3&,UnityEngine.Quaternion&,UnityEngine.Vector3&)
UnityEditor.Handles:DoPositionHandle_Internal (UnityEditor.Handles/PositionHandleIds,UnityEngine.Vector3,UnityEngine.Quaternion,UnityEditor.Handles/PositionHandleParam)
UnityEditor.Handles:DoPositionHandle (UnityEditor.Handles/PositionHandleIds,UnityEngine.Vector3,UnityEngine.Quaternion)
UnityEditor.Handles:DoPositionHandle (UnityEngine.Vector3,UnityEngine.Quaternion)
UnityEditor.Handles:PositionHandle (UnityEngine.Vector3,UnityEngine.Quaternion)
UnityEditor.MoveTool:ToolGUI (UnityEditor.SceneView,UnityEngine.Vector3,bool)
UnityEditor.ManipulationTool`1<UnityEditor.MoveTool>:OnToolGUI (UnityEditor.EditorWindow)
UnityEditor.EditorTools.EditorToolManager/EditorToolState:OnToolGUI (UnityEditor.EditorWindow)
UnityEditor.EditorTools.EditorToolManager:OnToolGUI (UnityEditor.EditorWindow)
UnityEditor.SceneView:DefaultHandles ()
UnityEditor.SceneView:DoOnGUI ()
UnityEditor.SceneView:OnSceneGUI ()
UnityEngine.UIElements.IMGUIContainer:DoOnGUI (UnityEngine.Event,UnityEngine.Matrix4x4,UnityEngine.Rect,bool,UnityEngine.Rect,System.Action,bool)
UnityEngine.UIElements.IMGUIContainer:HandleIMGUIEvent (UnityEngine.Event,UnityEngine.Matrix4x4,UnityEngine.Rect,System.Action,bool)
UnityEngine.UIElements.IMGUIContainer:DoIMGUIRepaint ()
UnityEngine.UIElements.UIR.RenderChainCommand:ExecuteNonDrawMesh (UnityEngine.UIElements.UIR.DrawParams,single,System.Exception&)
UnityEngine.UIElements.UIR.UIRenderDevice:EvaluateChain (UnityEngine.UIElements.UIR.RenderChainCommand,UnityEngine.Material,UnityEngine.Texture,UnityEngine.Texture,System.Nullable`1<UnityEngine.Rect>,UnityEngine.Vector2,single,bool,UnityEngine.UIElements.TextureSlotCount,bool,System.Exception&)
UnityEngine.UIElements.UIR.RenderTreeManager:RenderSingleTree (UnityEngine.UIElements.UIR.RenderTree,UnityEngine.RenderTexture,UnityEngine.RectInt,UnityEngine.Rect)
UnityEngine.UIElements.UIR.RenderTreeManager:RenderRootTree ()
UnityEngine.UIElements.UIRRepaintUpdater:Render ()
UnityEngine.UIElements.BaseVisualElementPanel:Render ()
UnityEngine.UIElements.Panel:Render ()
UnityEditor.UIElements.EditorEventDispatchUtility:DoDispatch (UnityEngine.UIElements.BaseVisualElementPanel,UnityEngine.Event)
UnityEditor.UIElements.DefaultWindowBackend:ProcessEvent (UnityEngine.Event)
UnityEditor.GUIView:ProcessEvent (UnityEngine.EntityId,intptr,bool&)

[C:\build\output\unity\unity\Runtime\Math\Quaternion.cpp line 371]

Quaternion To Matrix conversion failed because input Quaternion is invalid {0.321394, 0.383022, -0.141421, 0.856348} l=1.003332
UnityEngine.Debug:ExtractStackTraceNoAlloc (byte*,int,string)
UnityEngine.StackTraceUtility:ExtractStackTrace ()
UnityEngine.Matrix4x4:Internal_TRS (UnityEngine.Vector3&,UnityEngine.Quaternion&,UnityEngine.Vector3&)
UnityEditor.Handles:DoPositionHandle_Internal (UnityEditor.Handles/PositionHandleIds,UnityEngine.Vector3,UnityEngine.Quaternion,UnityEditor.Handles/PositionHandleParam)
UnityEditor.Handles:DoPositionHandle (UnityEditor.Handles/PositionHandleIds,UnityEngine.Vector3,UnityEngine.Quaternion)
UnityEditor.Handles:DoPositionHandle (UnityEngine.Vector3,UnityEngine.Quaternion)
UnityEditor.Handles:PositionHandle (UnityEngine.Vector3,UnityEngine.Quaternion)
UnityEditor.MoveTool:ToolGUI (UnityEditor.SceneView,UnityEngine.Vector3,bool)
UnityEditor.ManipulationTool`1<UnityEditor.MoveTool>:OnToolGUI (UnityEditor.EditorWindow)
UnityEditor.EditorTools.EditorToolManager/EditorToolState:OnToolGUI (UnityEditor.EditorWindow)
UnityEditor.EditorTools.EditorToolManager:OnToolGUI (UnityEditor.EditorWindow)
UnityEditor.SceneView:DefaultHandles ()
UnityEditor.SceneView:DoOnGUI ()
UnityEditor.SceneView:OnSceneGUI ()
UnityEngine.UIElements.IMGUIContainer:DoOnGUI (UnityEngine.Event,UnityEngine.Matrix4x4,UnityEngine.Rect,bool,UnityEngine.Rect,System.Action,bool)
UnityEngine.UIElements.IMGUIContainer:HandleIMGUIEvent (UnityEngine.Event,UnityEngine.Matrix4x4,UnityEngine.Rect,System.Action,bool)
UnityEngine.UIElements.IMGUIContainer:DoIMGUIRepaint ()
UnityEngine.UIElements.UIR.RenderChainCommand:ExecuteNonDrawMesh (UnityEngine.UIElements.UIR.DrawParams,single,System.Exception&)
UnityEngine.UIElements.UIR.UIRenderDevice:EvaluateChain (UnityEngine.UIElements.UIR.RenderChainCommand,UnityEngine.Material,UnityEngine.Texture,UnityEngine.Texture,System.Nullable`1<UnityEngine.Rect>,UnityEngine.Vector2,single,bool,UnityEngine.UIElements.TextureSlotCount,bool,System.Exception&)
UnityEngine.UIElements.UIR.RenderTreeManager:RenderSingleTree (UnityEngine.UIElements.UIR.RenderTree,UnityEngine.RenderTexture,UnityEngine.RectInt,UnityEngine.Rect)
UnityEngine.UIElements.UIR.RenderTreeManager:RenderRootTree ()
UnityEngine.UIElements.UIRRepaintUpdater:Render ()
UnityEngine.UIElements.BaseVisualElementPanel:Render ()
UnityEngine.UIElements.Panel:Render ()
UnityEditor.UIElements.EditorEventDispatchUtility:DoDispatch (UnityEngine.UIElements.BaseVisualElementPanel,UnityEngine.Event)
UnityEditor.UIElements.DefaultWindowBackend:ProcessEvent (UnityEngine.Event)
UnityEditor.GUIView:ProcessEvent (UnityEngine.EntityId,intptr,bool&)

[C:\build\output\unity\unity\Runtime\Math\Quaternion.cpp line 371]

Quaternion To Matrix conversion failed because input Quaternion is invalid {0.321394, 0.383022, -0.141421, 0.856348} l=1.003332
UnityEngine.Debug:ExtractStackTraceNoAlloc (byte*,int,string)
UnityEngine.StackTraceUtility:ExtractStackTrace ()
UnityEngine.Matrix4x4:Internal_TRS (UnityEngine.Vector3&,UnityEngine.Quaternion&,UnityEngine.Vector3&)
UnityEditor.Handles:DoPositionHandle_Internal (UnityEditor.Handles/PositionHandleIds,UnityEngine.Vector3,UnityEngine.Quaternion,UnityEditor.Handles/PositionHandleParam)
UnityEditor.Handles:DoPositionHandle (UnityEditor.Handles/PositionHandleIds,UnityEngine.Vector3,UnityEngine.Quaternion)
UnityEditor.Handles:DoPositionHandle (UnityEngine.Vector3,UnityEngine.Quaternion)
UnityEditor.Handles:PositionHandle (UnityEngine.Vector3,UnityEngine.Quaternion)
UnityEditor.MoveTool:ToolGUI (UnityEditor.SceneView,UnityEngine.Vector3,bool)
UnityEditor.ManipulationTool`1<UnityEditor.MoveTool>:OnToolGUI (UnityEditor.EditorWindow)
UnityEditor.EditorTools.EditorToolManager/EditorToolState:OnToolGUI (UnityEditor.EditorWindow)
UnityEditor.EditorTools.EditorToolManager:OnToolGUI (UnityEditor.EditorWindow)
UnityEditor.SceneView:DefaultHandles ()
UnityEditor.SceneView:DoOnGUI ()
UnityEditor.SceneView:OnSceneGUI ()
UnityEngine.UIElements.IMGUIContainer:DoOnGUI (UnityEngine.Event,UnityEngine.Matrix4x4,UnityEngine.Rect,bool,UnityEngine.Rect,System.Action,bool)
UnityEngine.UIElements.IMGUIContainer:HandleIMGUIEvent (UnityEngine.Event,UnityEngine.Matrix4x4,UnityEngine.Rect,System.Action,bool)
UnityEngine.UIElements.IMGUIContainer:DoIMGUIRepaint ()
UnityEngine.UIElements.UIR.RenderChainCommand:ExecuteNonDrawMesh (UnityEngine.UIElements.UIR.DrawParams,single,System.Exception&)
UnityEngine.UIElements.UIR.UIRenderDevice:EvaluateChain (UnityEngine.UIElements.UIR.RenderChainCommand,UnityEngine.Material,UnityEngine.Texture,UnityEngine.Texture,System.Nullable`1<UnityEngine.Rect>,UnityEngine.Vector2,single,bool,UnityEngine.UIElements.TextureSlotCount,bool,System.Exception&)
UnityEngine.UIElements.UIR.RenderTreeManager:RenderSingleTree (UnityEngine.UIElements.UIR.RenderTree,UnityEngine.RenderTexture,UnityEngine.RectInt,UnityEngine.Rect)
UnityEngine.UIElements.UIR.RenderTreeManager:RenderRootTree ()
UnityEngine.UIElements.UIRRepaintUpdater:Render ()
UnityEngine.UIElements.BaseVisualElementPanel:Render ()
UnityEngine.UIElements.Panel:Render ()
UnityEditor.UIElements.EditorEventDispatchUtility:DoDispatch (UnityEngine.UIElements.BaseVisualElementPanel,UnityEngine.Event)
UnityEditor.UIElements.DefaultWindowBackend:ProcessEvent (UnityEngine.Event)
UnityEditor.GUIView:ProcessEvent (UnityEngine.EntityId,intptr,bool&)

[C:\build\output\unity\unity\Runtime\Math\Quaternion.cpp line 371]

Quaternion To Matrix conversion failed because input Quaternion is invalid {0.321394, 0.383022, -0.141421, 0.856348} l=1.003332
UnityEngine.Debug:ExtractStackTraceNoAlloc (byte*,int,string)
UnityEngine.StackTraceUtility:ExtractStackTrace ()
UnityEngine.Matrix4x4:Internal_TRS (UnityEngine.Vector3&,UnityEngine.Quaternion&,UnityEngine.Vector3&)
UnityEditor.Handles:DoPositionHandle_Internal (UnityEditor.Handles/PositionHandleIds,UnityEngine.Vector3,UnityEngine.Quaternion,UnityEditor.Handles/PositionHandleParam)
UnityEditor.Handles:DoPositionHandle (UnityEditor.Handles/PositionHandleIds,UnityEngine.Vector3,UnityEngine.Quaternion)
UnityEditor.Handles:DoPositionHandle (UnityEngine.Vector3,UnityEngine.Quaternion)
UnityEditor.Handles:PositionHandle (UnityEngine.Vector3,UnityEngine.Quaternion)
UnityEditor.MoveTool:ToolGUI (UnityEditor.SceneView,UnityEngine.Vector3,bool)
UnityEditor.ManipulationTool`1<UnityEditor.MoveTool>:OnToolGUI (UnityEditor.EditorWindow)
UnityEditor.EditorTools.EditorToolManager/EditorToolState:OnToolGUI (UnityEditor.EditorWindow)
UnityEditor.EditorTools.EditorToolManager:OnToolGUI (UnityEditor.EditorWindow)
UnityEditor.SceneView:DefaultHandles ()
UnityEditor.SceneView:DoOnGUI ()
UnityEditor.SceneView:OnSceneGUI ()
UnityEngine.UIElements.IMGUIContainer:DoOnGUI (UnityEngine.Event,UnityEngine.Matrix4x4,UnityEngine.Rect,bool,UnityEngine.Rect,System.Action,bool)
UnityEngine.UIElements.IMGUIContainer:HandleIMGUIEvent (UnityEngine.Event,UnityEngine.Matrix4x4,UnityEngine.Rect,System.Action,bool)
UnityEngine.UIElements.IMGUIContainer:DoIMGUIRepaint ()
UnityEngine.UIElements.UIR.RenderChainCommand:ExecuteNonDrawMesh (UnityEngine.UIElements.UIR.DrawParams,single,System.Exception&)
UnityEngine.UIElements.UIR.UIRenderDevice:EvaluateChain (UnityEngine.UIElements.UIR.RenderChainCommand,UnityEngine.Material,UnityEngine.Texture,UnityEngine.Texture,System.Nullable`1<UnityEngine.Rect>,UnityEngine.Vector2,single,bool,UnityEngine.UIElements.TextureSlotCount,bool,System.Exception&)
UnityEngine.UIElements.UIR.RenderTreeManager:RenderSingleTree (UnityEngine.UIElements.UIR.RenderTree,UnityEngine.RenderTexture,UnityEngine.RectInt,UnityEngine.Rect)
UnityEngine.UIElements.UIR.RenderTreeManager:RenderRootTree ()
UnityEngine.UIElements.UIRRepaintUpdater:Render ()
UnityEngine.UIElements.BaseVisualElementPanel:Render ()
UnityEngine.UIElements.Panel:Render ()
UnityEditor.UIElements.EditorEventDispatchUtility:DoDispatch (UnityEngine.UIElements.BaseVisualElementPanel,UnityEngine.Event)
UnityEditor.UIElements.DefaultWindowBackend:ProcessEvent (UnityEngine.Event)
UnityEditor.GUIView:ProcessEvent (UnityEngine.EntityId,intptr,bool&)

[C:\build\output\unity\unity\Runtime\Math\Quaternion.cpp line 371]

Quaternion To Matrix conversion failed because input Quaternion is invalid {0.321394, 0.383022, -0.141421, 0.856348} l=1.003332
UnityEngine.Debug:ExtractStackTraceNoAlloc (byte*,int,string)
UnityEngine.StackTraceUtility:ExtractStackTrace ()
UnityEngine.Matrix4x4:Internal_TRS (UnityEngine.Vector3&,UnityEngine.Quaternion&,UnityEngine.Vector3&)
UnityEditor.Handles:DoPositionHandle_Internal (UnityEditor.Handles/PositionHandleIds,UnityEngine.Vector3,UnityEngine.Quaternion,UnityEditor.Handles/PositionHandleParam)
UnityEditor.Handles:DoPositionHandle (UnityEditor.Handles/PositionHandleIds,UnityEngine.Vector3,UnityEngine.Quaternion)
UnityEditor.Handles:DoPositionHandle (UnityEngine.Vector3,UnityEngine.Quaternion)
UnityEditor.Handles:PositionHandle (UnityEngine.Vector3,UnityEngine.Quaternion)
UnityEditor.MoveTool:ToolGUI (UnityEditor.SceneView,UnityEngine.Vector3,bool)
UnityEditor.ManipulationTool`1<UnityEditor.MoveTool>:OnToolGUI (UnityEditor.EditorWindow)
UnityEditor.EditorTools.EditorToolManager/EditorToolState:OnToolGUI (UnityEditor.EditorWindow)
UnityEditor.EditorTools.EditorToolManager:OnToolGUI (UnityEditor.EditorWindow)
UnityEditor.SceneView:DefaultHandles ()
UnityEditor.SceneView:DoOnGUI ()
UnityEditor.SceneView:OnSceneGUI ()
UnityEngine.UIElements.IMGUIContainer:DoOnGUI (UnityEngine.Event,UnityEngine.Matrix4x4,UnityEngine.Rect,bool,UnityEngine.Rect,System.Action,bool)
UnityEngine.UIElements.IMGUIContainer:HandleIMGUIEvent (UnityEngine.Event,UnityEngine.Matrix4x4,UnityEngine.Rect,System.Action,bool)
UnityEngine.UIElements.IMGUIContainer:DoIMGUIRepaint ()
UnityEngine.UIElements.UIR.RenderChainCommand:ExecuteNonDrawMesh (UnityEngine.UIElements.UIR.DrawParams,single,System.Exception&)
UnityEngine.UIElements.UIR.UIRenderDevice:EvaluateChain (UnityEngine.UIElements.UIR.RenderChainCommand,UnityEngine.Material,UnityEngine.Texture,UnityEngine.Texture,System.Nullable`1<UnityEngine.Rect>,UnityEngine.Vector2,single,bool,UnityEngine.UIElements.TextureSlotCount,bool,System.Exception&)
UnityEngine.UIElements.UIR.RenderTreeManager:RenderSingleTree (UnityEngine.UIElements.UIR.RenderTree,UnityEngine.RenderTexture,UnityEngine.RectInt,UnityEngine.Rect)
UnityEngine.UIElements.UIR.RenderTreeManager:RenderRootTree ()
UnityEngine.UIElements.UIRRepaintUpdater:Render ()
UnityEngine.UIElements.BaseVisualElementPanel:Render ()
UnityEngine.UIElements.Panel:Render ()
UnityEditor.UIElements.EditorEventDispatchUtility:DoDispatch (UnityEngine.UIElements.BaseVisualElementPanel,UnityEngine.Event)
UnityEditor.UIElements.DefaultWindowBackend:ProcessEvent (UnityEngine.Event)
UnityEditor.GUIView:ProcessEvent (UnityEngine.EntityId,intptr,bool&)

[C:\build\output\unity\unity\Runtime\Math\Quaternion.cpp line 371]

Quaternion To Matrix conversion failed because input Quaternion is invalid {0.321394, 0.383022, -0.141421, 0.856348} l=1.003332
UnityEngine.Debug:ExtractStackTraceNoAlloc (byte*,int,string)
UnityEngine.StackTraceUtility:ExtractStackTrace ()
UnityEngine.Matrix4x4:Internal_TRS (UnityEngine.Vector3&,UnityEngine.Quaternion&,UnityEngine.Vector3&)
UnityEditor.Handles:DoPositionHandle_Internal (UnityEditor.Handles/PositionHandleIds,UnityEngine.Vector3,UnityEngine.Quaternion,UnityEditor.Handles/PositionHandleParam)
UnityEditor.Handles:DoPositionHandle (UnityEditor.Handles/PositionHandleIds,UnityEngine.Vector3,UnityEngine.Quaternion)
UnityEditor.Handles:DoPositionHandle (UnityEngine.Vector3,UnityEngine.Quaternion)
UnityEditor.Handles:PositionHandle (UnityEngine.Vector3,UnityEngine.Quaternion)
UnityEditor.MoveTool:ToolGUI (UnityEditor.SceneView,UnityEngine.Vector3,bool)
UnityEditor.ManipulationTool`1<UnityEditor.MoveTool>:OnToolGUI (UnityEditor.EditorWindow)
UnityEditor.EditorTools.EditorToolManager/EditorToolState:OnToolGUI (UnityEditor.EditorWindow)
UnityEditor.EditorTools.EditorToolManager:OnToolGUI (UnityEditor.EditorWindow)
UnityEditor.SceneView:DefaultHandles ()
UnityEditor.SceneView:DoOnGUI ()
UnityEditor.SceneView:OnSceneGUI ()
UnityEngine.UIElements.IMGUIContainer:DoOnGUI (UnityEngine.Event,UnityEngine.Matrix4x4,UnityEngine.Rect,bool,UnityEngine.Rect,System.Action,bool)
UnityEngine.UIElements.IMGUIContainer:HandleIMGUIEvent (UnityEngine.Event,UnityEngine.Matrix4x4,UnityEngine.Rect,System.Action,bool)
UnityEngine.UIElements.IMGUIContainer:DoIMGUIRepaint ()
UnityEngine.UIElements.UIR.RenderChainCommand:ExecuteNonDrawMesh (UnityEngine.UIElements.UIR.DrawParams,single,System.Exception&)
UnityEngine.UIElements.UIR.UIRenderDevice:EvaluateChain (UnityEngine.UIElements.UIR.RenderChainCommand,UnityEngine.Material,UnityEngine.Texture,UnityEngine.Texture,System.Nullable`1<UnityEngine.Rect>,UnityEngine.Vector2,single,bool,UnityEngine.UIElements.TextureSlotCount,bool,System.Exception&)
UnityEngine.UIElements.UIR.RenderTreeManager:RenderSingleTree (UnityEngine.UIElements.UIR.RenderTree,UnityEngine.RenderTexture,UnityEngine.RectInt,UnityEngine.Rect)
UnityEngine.UIElements.UIR.RenderTreeManager:RenderRootTree ()
UnityEngine.UIElements.UIRRepaintUpdater:Render ()
UnityEngine.UIElements.BaseVisualElementPanel:Render ()
UnityEngine.UIElements.Panel:Render ()
UnityEditor.UIElements.EditorEventDispatchUtility:DoDispatch (UnityEngine.UIElements.BaseVisualElementPanel,UnityEngine.Event)
UnityEditor.UIElements.DefaultWindowBackend:ProcessEvent (UnityEngine.Event)
UnityEditor.GUIView:ProcessEvent (UnityEngine.EntityId,intptr,bool&)

[C:\build\output\unity\unity\Runtime\Math\Quaternion.cpp line 371]

Quaternion To Matrix conversion failed because input Quaternion is invalid {0.321394, 0.383022, -0.141421, 0.856348} l=1.003332
UnityEngine.Debug:ExtractStackTraceNoAlloc (byte*,int,string)
UnityEngine.StackTraceUtility:ExtractStackTrace ()
UnityEngine.Matrix4x4:Internal_TRS (UnityEngine.Vector3&,UnityEngine.Quaternion&,UnityEngine.Vector3&)
UnityEditor.Handles:DoPositionHandle_Internal (UnityEditor.Handles/PositionHandleIds,UnityEngine.Vector3,UnityEngine.Quaternion,UnityEditor.Handles/PositionHandleParam)
UnityEditor.Handles:DoPositionHandle (UnityEditor.Handles/PositionHandleIds,UnityEngine.Vector3,UnityEngine.Quaternion)
UnityEditor.Handles:DoPositionHandle (UnityEngine.Vector3,UnityEngine.Quaternion)
UnityEditor.Handles:PositionHandle (UnityEngine.Vector3,UnityEngine.Quaternion)
UnityEditor.MoveTool:ToolGUI (UnityEditor.SceneView,UnityEngine.Vector3,bool)
UnityEditor.ManipulationTool`1<UnityEditor.MoveTool>:OnToolGUI (UnityEditor.EditorWindow)
UnityEditor.EditorTools.EditorToolManager/EditorToolState:OnToolGUI (UnityEditor.EditorWindow)
UnityEditor.EditorTools.EditorToolManager:OnToolGUI (UnityEditor.EditorWindow)
UnityEditor.SceneView:DefaultHandles ()
UnityEditor.SceneView:DoOnGUI ()
UnityEditor.SceneView:OnSceneGUI ()
UnityEngine.UIElements.IMGUIContainer:DoOnGUI (UnityEngine.Event,UnityEngine.Matrix4x4,UnityEngine.Rect,bool,UnityEngine.Rect,System.Action,bool)
UnityEngine.UIElements.IMGUIContainer:HandleIMGUIEvent (UnityEngine.Event,UnityEngine.Matrix4x4,UnityEngine.Rect,System.Action,bool)
UnityEngine.UIElements.IMGUIContainer:DoIMGUIRepaint ()
UnityEngine.UIElements.UIR.RenderChainCommand:ExecuteNonDrawMesh (UnityEngine.UIElements.UIR.DrawParams,single,System.Exception&)
UnityEngine.UIElements.UIR.UIRenderDevice:EvaluateChain (UnityEngine.UIElements.UIR.RenderChainCommand,UnityEngine.Material,UnityEngine.Texture,UnityEngine.Texture,System.Nullable`1<UnityEngine.Rect>,UnityEngine.Vector2,single,bool,UnityEngine.UIElements.TextureSlotCount,bool,System.Exception&)
UnityEngine.UIElements.UIR.RenderTreeManager:RenderSingleTree (UnityEngine.UIElements.UIR.RenderTree,UnityEngine.RenderTexture,UnityEngine.RectInt,UnityEngine.Rect)
UnityEngine.UIElements.UIR.RenderTreeManager:RenderRootTree ()
UnityEngine.UIElements.UIRRepaintUpdater:Render ()
UnityEngine.UIElements.BaseVisualElementPanel:Render ()
UnityEngine.UIElements.Panel:Render ()
UnityEditor.UIElements.EditorEventDispatchUtility:DoDispatch (UnityEngine.UIElements.BaseVisualElementPanel,UnityEngine.Event)
UnityEditor.UIElements.DefaultWindowBackend:ProcessEvent (UnityEngine.Event)
UnityEditor.GUIView:ProcessEvent (UnityEngine.EntityId,intptr,bool&)

[C:\build\output\unity\unity\Runtime\Math\Quaternion.cpp line 371]

Quaternion To Matrix conversion failed because input Quaternion is invalid {0.321394, 0.383022, -0.141421, 0.856348} l=1.003332
UnityEngine.Debug:ExtractStackTraceNoAlloc (byte*,int,string)
UnityEngine.StackTraceUtility:ExtractStackTrace ()
UnityEngine.Matrix4x4:Internal_TRS (UnityEngine.Vector3&,UnityEngine.Quaternion&,UnityEngine.Vector3&)
UnityEditor.Handles:DoPositionHandle_Internal (UnityEditor.Handles/PositionHandleIds,UnityEngine.Vector3,UnityEngine.Quaternion,UnityEditor.Handles/PositionHandleParam)
UnityEditor.Handles:DoPositionHandle (UnityEditor.Handles/PositionHandleIds,UnityEngine.Vector3,UnityEngine.Quaternion)
UnityEditor.Handles:DoPositionHandle (UnityEngine.Vector3,UnityEngine.Quaternion)
UnityEditor.Handles:PositionHandle (UnityEngine.Vector3,UnityEngine.Quaternion)
UnityEditor.MoveTool:ToolGUI (UnityEditor.SceneView,UnityEngine.Vector3,bool)
UnityEditor.ManipulationTool`1<UnityEditor.MoveTool>:OnToolGUI (UnityEditor.EditorWindow)
UnityEditor.EditorTools.EditorToolManager/EditorToolState:OnToolGUI (UnityEditor.EditorWindow)
UnityEditor.EditorTools.EditorToolManager:OnToolGUI (UnityEditor.EditorWindow)
UnityEditor.SceneView:DefaultHandles ()
UnityEditor.SceneView:DoOnGUI ()
UnityEditor.SceneView:OnSceneGUI ()
UnityEngine.UIElements.IMGUIContainer:DoOnGUI (UnityEngine.Event,UnityEngine.Matrix4x4,UnityEngine.Rect,bool,UnityEngine.Rect,System.Action,bool)
UnityEngine.UIElements.IMGUIContainer:HandleIMGUIEvent (UnityEngine.Event,UnityEngine.Matrix4x4,UnityEngine.Rect,System.Action,bool)
UnityEngine.UIElements.IMGUIContainer:DoIMGUIRepaint ()
UnityEngine.UIElements.UIR.RenderChainCommand:ExecuteNonDrawMesh (UnityEngine.UIElements.UIR.DrawParams,single,System.Exception&)
UnityEngine.UIElements.UIR.UIRenderDevice:EvaluateChain (UnityEngine.UIElements.UIR.RenderChainCommand,UnityEngine.Material,UnityEngine.Texture,UnityEngine.Texture,System.Nullable`1<UnityEngine.Rect>,UnityEngine.Vector2,single,bool,UnityEngine.UIElements.TextureSlotCount,bool,System.Exception&)
UnityEngine.UIElements.UIR.RenderTreeManager:RenderSingleTree (UnityEngine.UIElements.UIR.RenderTree,UnityEngine.RenderTexture,UnityEngine.RectInt,UnityEngine.Rect)
UnityEngine.UIElements.UIR.RenderTreeManager:RenderRootTree ()
UnityEngine.UIElements.UIRRepaintUpdater:Render ()
UnityEngine.UIElements.BaseVisualElementPanel:Render ()
UnityEngine.UIElements.Panel:Render ()
UnityEditor.UIElements.EditorEventDispatchUtility:DoDispatch (UnityEngine.UIElements.BaseVisualElementPanel,UnityEngine.Event)
UnityEditor.UIElements.DefaultWindowBackend:ProcessEvent (UnityEngine.Event)
UnityEditor.GUIView:ProcessEvent (UnityEngine.EntityId,intptr,bool&)

[C:\build\output\unity\unity\Runtime\Math\Quaternion.cpp line 371]

Quaternion To Matrix conversion failed because input Quaternion is invalid {0.321394, 0.383022, -0.141421, 0.856348} l=1.003332
UnityEngine.Debug:ExtractStackTraceNoAlloc (byte*,int,string)
UnityEngine.StackTraceUtility:ExtractStackTrace ()
UnityEngine.Matrix4x4:Internal_TRS (UnityEngine.Vector3&,UnityEngine.Quaternion&,UnityEngine.Vector3&)
UnityEditor.Handles:DoPositionHandle_Internal (UnityEditor.Handles/PositionHandleIds,UnityEngine.Vector3,UnityEngine.Quaternion,UnityEditor.Handles/PositionHandleParam)
UnityEditor.Handles:DoPositionHandle (UnityEditor.Handles/PositionHandleIds,UnityEngine.Vector3,UnityEngine.Quaternion)
UnityEditor.Handles:DoPositionHandle (UnityEngine.Vector3,UnityEngine.Quaternion)
UnityEditor.Handles:PositionHandle (UnityEngine.Vector3,UnityEngine.Quaternion)
UnityEditor.MoveTool:ToolGUI (UnityEditor.SceneView,UnityEngine.Vector3,bool)
UnityEditor.ManipulationTool`1<UnityEditor.MoveTool>:OnToolGUI (UnityEditor.EditorWindow)
UnityEditor.EditorTools.EditorToolManager/EditorToolState:OnToolGUI (UnityEditor.EditorWindow)
UnityEditor.EditorTools.EditorToolManager:OnToolGUI (UnityEditor.EditorWindow)
UnityEditor.SceneView:DefaultHandles ()
UnityEditor.SceneView:DoOnGUI ()
UnityEditor.SceneView:OnSceneGUI ()
UnityEngine.UIElements.IMGUIContainer:DoOnGUI (UnityEngine.Event,UnityEngine.Matrix4x4,UnityEngine.Rect,bool,UnityEngine.Rect,System.Action,bool)
UnityEngine.UIElements.IMGUIContainer:HandleIMGUIEvent (UnityEngine.Event,UnityEngine.Matrix4x4,UnityEngine.Rect,System.Action,bool)
UnityEngine.UIElements.IMGUIContainer:HandleIMGUIEvent (UnityEngine.Event,System.Action,bool)
UnityEngine.UIElements.IMGUIContainer:HandleIMGUIEvent (UnityEngine.Event,bool)
UnityEngine.UIElements.IMGUIContainer:SendEventToIMGUIRaw (UnityEngine.UIElements.EventBase,bool,bool)
UnityEngine.UIElements.IMGUIContainer:SendEventToIMGUI (UnityEngine.UIElements.EventBase,bool,bool)
UnityEngine.UIElements.EventDispatchUtilities:PropagateToRemainingIMGUIContainerRecursive (UnityEngine.UIElements.EventBase,UnityEngine.UIElements.VisualElement)
UnityEngine.UIElements.EventDispatchUtilities:PropagateToRemainingIMGUIContainerRecursive (UnityEngine.UIElements.EventBase,UnityEngine.UIElements.VisualElement)
UnityEngine.UIElements.EventDispatchUtilities:PropagateToRemainingIMGUIContainerRecursive (UnityEngine.UIElements.EventBase,UnityEngine.UIElements.VisualElement)
UnityEngine.UIElements.EventDispatchUtilities:PropagateToRemainingIMGUIContainerRecursive (UnityEngine.UIElements.EventBase,UnityEngine.UIElements.VisualElement)
UnityEngine.UIElements.EventDispatchUtilities:PropagateToRemainingIMGUIContainerRecursive (UnityEngine.UIElements.EventBase,UnityEngine.UIElements.VisualElement)
UnityEngine.UIElements.EventDispatchUtilities:PropagateToRemainingIMGUIContainerRecursive (UnityEngine.UIElements.EventBase,UnityEngine.UIElements.VisualElement)
UnityEngine.UIElements.EventDispatchUtilities:PropagateToRemainingIMGUIContainerRecursive (UnityEngine.UIElements.EventBase,UnityEngine.UIElements.VisualElement)
UnityEngine.UIElements.EventDispatchUtilities:PropagateToRemainingIMGUIContainerRecursive (UnityEngine.UIElements.EventBase,UnityEngine.UIElements.VisualElement)
UnityEngine.UIElements.EventDispatchUtilities:PropagateToRemainingIMGUIContainers (UnityEngine.UIElements.EventBase,UnityEngine.UIElements.VisualElement)
UnityEngine.UIElements.EditorPanelRootElement:OnEventCompletedAtAnyTarget (UnityEngine.UIElements.EventBase)
UnityEngine.UIElements.EventCallbackFunctor`1<UnityEngine.UIElements.MouseLeaveWindowEvent>:Invoke (UnityEngine.UIElements.EventBase)
UnityEngine.UIElements.EventCallbackRegistry/DynamicCallbackList:Invoke (UnityEngine.UIElements.EventBase,UnityEngine.UIElements.BaseVisualElementPanel,UnityEngine.UIElements.VisualElement)
UnityEngine.UIElements.EventDispatchUtilities:HandleEventAcrossPropagationPath (UnityEngine.UIElements.EventBase,UnityEngine.UIElements.BaseVisualElementPanel,UnityEngine.UIElements.VisualElement,bool)
UnityEngine.UIElements.EventDispatchUtilities:DispatchToElementUnderPointerOrPanelRoot (UnityEngine.UIElements.EventBase,UnityEngine.UIElements.BaseVisualElementPanel,int,UnityEngine.Vector2)
UnityEngine.UIElements.MouseLeaveWindowEvent:Dispatch (UnityEngine.UIElements.BaseVisualElementPanel)
UnityEngine.UIElements.EventDispatcher:ProcessEvent (UnityEngine.UIElements.EventBase,UnityEngine.UIElements.BaseVisualElementPanel)
UnityEngine.UIElements.EventDispatcher:Dispatch (UnityEngine.UIElements.EventBase,UnityEngine.UIElements.BaseVisualElementPanel,UnityEngine.UIElements.DispatchMode)
UnityEngine.UIElements.BaseVisualElementPanel:SendEvent (UnityEngine.UIElements.EventBase,UnityEngine.UIElements.DispatchMode)
UnityEditor.UIElements.EditorEventDispatchUtility:DoDispatch (UnityEngine.UIElements.BaseVisualElementPanel,UnityEngine.Event)
UnityEditor.UIElements.DefaultWindowBackend:ProcessEvent (UnityEngine.Event)
UnityEditor.GUIView:ProcessEvent (UnityEngine.EntityId,intptr,bool&)

[C:\build\output\unity\unity\Runtime\Math\Quaternion.cpp line 371]

Quaternion To Matrix conversion failed because input Quaternion is invalid {0.321394, 0.383022, -0.141421, 0.856348} l=1.003332
UnityEngine.Debug:ExtractStackTraceNoAlloc (byte*,int,string)
UnityEngine.StackTraceUtility:ExtractStackTrace ()
UnityEngine.Matrix4x4:Internal_TRS (UnityEngine.Vector3&,UnityEngine.Quaternion&,UnityEngine.Vector3&)
UnityEditor.Handles:DoPositionHandle_Internal (UnityEditor.Handles/PositionHandleIds,UnityEngine.Vector3,UnityEngine.Quaternion,UnityEditor.Handles/PositionHandleParam)
UnityEditor.Handles:DoPositionHandle (UnityEditor.Handles/PositionHandleIds,UnityEngine.Vector3,UnityEngine.Quaternion)
UnityEditor.Handles:DoPositionHandle (UnityEngine.Vector3,UnityEngine.Quaternion)
UnityEditor.Handles:PositionHandle (UnityEngine.Vector3,UnityEngine.Quaternion)
UnityEditor.MoveTool:ToolGUI (UnityEditor.SceneView,UnityEngine.Vector3,bool)
UnityEditor.ManipulationTool`1<UnityEditor.MoveTool>:OnToolGUI (UnityEditor.EditorWindow)
UnityEditor.EditorTools.EditorToolManager/EditorToolState:OnToolGUI (UnityEditor.EditorWindow)
UnityEditor.EditorTools.EditorToolManager:OnToolGUI (UnityEditor.EditorWindow)
UnityEditor.SceneView:DefaultHandles ()
UnityEditor.SceneView:DoOnGUI ()
UnityEditor.SceneView:OnSceneGUI ()
UnityEngine.UIElements.IMGUIContainer:DoOnGUI (UnityEngine.Event,UnityEngine.Matrix4x4,UnityEngine.Rect,bool,UnityEngine.Rect,System.Action,bool)
UnityEngine.UIElements.IMGUIContainer:HandleIMGUIEvent (UnityEngine.Event,UnityEngine.Matrix4x4,UnityEngine.Rect,System.Action,bool)
UnityEngine.UIElements.IMGUIContainer:HandleIMGUIEvent (UnityEngine.Event,System.Action,bool)
UnityEngine.UIElements.IMGUIContainer:HandleIMGUIEvent (UnityEngine.Event,bool)
UnityEngine.UIElements.IMGUIContainer:SendEventToIMGUIRaw (UnityEngine.UIElements.EventBase,bool,bool)
UnityEngine.UIElements.IMGUIContainer:SendEventToIMGUI (UnityEngine.UIElements.EventBase,bool,bool)
UnityEngine.UIElements.EventDispatchUtilities:PropagateToRemainingIMGUIContainerRecursive (UnityEngine.UIElements.EventBase,UnityEngine.UIElements.VisualElement)
UnityEngine.UIElements.EventDispatchUtilities:PropagateToRemainingIMGUIContainerRecursive (UnityEngine.UIElements.EventBase,UnityEngine.UIElements.VisualElement)
UnityEngine.UIElements.EventDispatchUtilities:PropagateToRemainingIMGUIContainerRecursive (UnityEngine.UIElements.EventBase,UnityEngine.UIElements.VisualElement)
UnityEngine.UIElements.EventDispatchUtilities:PropagateToRemainingIMGUIContainerRecursive (UnityEngine.UIElements.EventBase,UnityEngine.UIElements.VisualElement)
UnityEngine.UIElements.EventDispatchUtilities:PropagateToRemainingIMGUIContainerRecursive (UnityEngine.UIElements.EventBase,UnityEngine.UIElements.VisualElement)
UnityEngine.UIElements.EventDispatchUtilities:PropagateToRemainingIMGUIContainerRecursive (UnityEngine.UIElements.EventBase,UnityEngine.UIElements.VisualElement)
UnityEngine.UIElements.EventDispatchUtilities:PropagateToRemainingIMGUIContainerRecursive (UnityEngine.UIElements.EventBase,UnityEngine.UIElements.VisualElement)
UnityEngine.UIElements.EventDispatchUtilities:PropagateToRemainingIMGUIContainerRecursive (UnityEngine.UIElements.EventBase,UnityEngine.UIElements.VisualElement)
UnityEngine.UIElements.EventDispatchUtilities:PropagateToRemainingIMGUIContainers (UnityEngine.UIElements.EventBase,UnityEngine.UIElements.VisualElement)
UnityEngine.UIElements.EditorPanelRootElement:OnEventCompletedAtAnyTarget (UnityEngine.UIElements.EventBase)
UnityEngine.UIElements.EventCallbackFunctor`1<UnityEngine.UIElements.MouseLeaveWindowEvent>:Invoke (UnityEngine.UIElements.EventBase)
UnityEngine.UIElements.EventCallbackRegistry/DynamicCallbackList:Invoke (UnityEngine.UIElements.EventBase,UnityEngine.UIElements.BaseVisualElementPanel,UnityEngine.UIElements.VisualElement)
UnityEngine.UIElements.EventDispatchUtilities:HandleEventAcrossPropagationPath (UnityEngine.UIElements.EventBase,UnityEngine.UIElements.BaseVisualElementPanel,UnityEngine.UIElements.VisualElement,bool)
UnityEngine.UIElements.EventDispatchUtilities:DispatchToElementUnderPointerOrPanelRoot (UnityEngine.UIElements.EventBase,UnityEngine.UIElements.BaseVisualElementPanel,int,UnityEngine.Vector2)
UnityEngine.UIElements.MouseLeaveWindowEvent:Dispatch (UnityEngine.UIElements.BaseVisualElementPanel)
UnityEngine.UIElements.EventDispatcher:ProcessEvent (UnityEngine.UIElements.EventBase,UnityEngine.UIElements.BaseVisualElementPanel)
UnityEngine.UIElements.EventDispatcher:Dispatch (UnityEngine.UIElements.EventBase,UnityEngine.UIElements.BaseVisualElementPanel,UnityEngine.UIElements.DispatchMode)
UnityEngine.UIElements.BaseVisualElementPanel:SendEvent (UnityEngine.UIElements.EventBase,UnityEngine.UIElements.DispatchMode)
UnityEditor.UIElements.EditorEventDispatchUtility:DoDispatch (UnityEngine.UIElements.BaseVisualElementPanel,UnityEngine.Event)
UnityEditor.UIElements.DefaultWindowBackend:ProcessEvent (UnityEngine.Event)
UnityEditor.GUIView:ProcessEvent (UnityEngine.EntityId,intptr,bool&)

[C:\build\output\unity\unity\Runtime\Math\Quaternion.cpp line 371]

Quaternion To Matrix conversion failed because input Quaternion is invalid {0.321394, 0.383022, -0.141421, 0.856348} l=1.003332
UnityEngine.Debug:ExtractStackTraceNoAlloc (byte*,int,string)
UnityEngine.StackTraceUtility:ExtractStackTrace ()
UnityEngine.Matrix4x4:Internal_TRS (UnityEngine.Vector3&,UnityEngine.Quaternion&,UnityEngine.Vector3&)
UnityEditor.Handles:DoPositionHandle_Internal (UnityEditor.Handles/PositionHandleIds,UnityEngine.Vector3,UnityEngine.Quaternion,UnityEditor.Handles/PositionHandleParam)
UnityEditor.Handles:DoPositionHandle (UnityEditor.Handles/PositionHandleIds,UnityEngine.Vector3,UnityEngine.Quaternion)
UnityEditor.Handles:DoPositionHandle (UnityEngine.Vector3,UnityEngine.Quaternion)
UnityEditor.Handles:PositionHandle (UnityEngine.Vector3,UnityEngine.Quaternion)
UnityEditor.MoveTool:ToolGUI (UnityEditor.SceneView,UnityEngine.Vector3,bool)
UnityEditor.ManipulationTool`1<UnityEditor.MoveTool>:OnToolGUI (UnityEditor.EditorWindow)
UnityEditor.EditorTools.EditorToolManager/EditorToolState:OnToolGUI (UnityEditor.EditorWindow)
UnityEditor.EditorTools.EditorToolManager:OnToolGUI (UnityEditor.EditorWindow)
UnityEditor.SceneView:DefaultHandles ()
UnityEditor.SceneView:DoOnGUI ()
UnityEditor.SceneView:OnSceneGUI ()
UnityEngine.UIElements.IMGUIContainer:DoOnGUI (UnityEngine.Event,UnityEngine.Matrix4x4,UnityEngine.Rect,bool,UnityEngine.Rect,System.Action,bool)
UnityEngine.UIElements.IMGUIContainer:HandleIMGUIEvent (UnityEngine.Event,UnityEngine.Matrix4x4,UnityEngine.Rect,System.Action,bool)
UnityEngine.UIElements.IMGUIContainer:DoIMGUIRepaint ()
UnityEngine.UIElements.UIR.RenderChainCommand:ExecuteNonDrawMesh (UnityEngine.UIElements.UIR.DrawParams,single,System.Exception&)
UnityEngine.UIElements.UIR.UIRenderDevice:EvaluateChain (UnityEngine.UIElements.UIR.RenderChainCommand,UnityEngine.Material,UnityEngine.Texture,UnityEngine.Texture,System.Nullable`1<UnityEngine.Rect>,UnityEngine.Vector2,single,bool,UnityEngine.UIElements.TextureSlotCount,bool,System.Exception&)
UnityEngine.UIElements.UIR.RenderTreeManager:RenderSingleTree (UnityEngine.UIElements.UIR.RenderTree,UnityEngine.RenderTexture,UnityEngine.RectInt,UnityEngine.Rect)
UnityEngine.UIElements.UIR.RenderTreeManager:RenderRootTree ()
UnityEngine.UIElements.UIRRepaintUpdater:Render ()
UnityEngine.UIElements.BaseVisualElementPanel:Render ()
UnityEngine.UIElements.Panel:Render ()
UnityEditor.UIElements.EditorEventDispatchUtility:DoDispatch (UnityEngine.UIElements.BaseVisualElementPanel,UnityEngine.Event)
UnityEditor.UIElements.DefaultWindowBackend:ProcessEvent (UnityEngine.Event)
UnityEditor.GUIView:ProcessEvent (UnityEngine.EntityId,intptr,bool&)

[C:\build\output\unity\unity\Runtime\Math\Quaternion.cpp line 371]

Quaternion To Matrix conversion failed because input Quaternion is invalid {0.321394, 0.383022, -0.141421, 0.856348} l=1.003332
UnityEngine.Debug:ExtractStackTraceNoAlloc (byte*,int,string)
UnityEngine.StackTraceUtility:ExtractStackTrace ()
UnityEngine.Matrix4x4:Internal_TRS (UnityEngine.Vector3&,UnityEngine.Quaternion&,UnityEngine.Vector3&)
UnityEditor.Handles:DoPositionHandle_Internal (UnityEditor.Handles/PositionHandleIds,UnityEngine.Vector3,UnityEngine.Quaternion,UnityEditor.Handles/PositionHandleParam)
UnityEditor.Handles:DoPositionHandle (UnityEditor.Handles/PositionHandleIds,UnityEngine.Vector3,UnityEngine.Quaternion)
UnityEditor.Handles:DoPositionHandle (UnityEngine.Vector3,UnityEngine.Quaternion)
UnityEditor.Handles:PositionHandle (UnityEngine.Vector3,UnityEngine.Quaternion)
UnityEditor.MoveTool:ToolGUI (UnityEditor.SceneView,UnityEngine.Vector3,bool)
UnityEditor.ManipulationTool`1<UnityEditor.MoveTool>:OnToolGUI (UnityEditor.EditorWindow)
UnityEditor.EditorTools.EditorToolManager/EditorToolState:OnToolGUI (UnityEditor.EditorWindow)
UnityEditor.EditorTools.EditorToolManager:OnToolGUI (UnityEditor.EditorWindow)
UnityEditor.SceneView:DefaultHandles ()
UnityEditor.SceneView:DoOnGUI ()
UnityEditor.SceneView:OnSceneGUI ()
UnityEngine.UIElements.IMGUIContainer:DoOnGUI (UnityEngine.Event,UnityEngine.Matrix4x4,UnityEngine.Rect,bool,UnityEngine.Rect,System.Action,bool)
UnityEngine.UIElements.IMGUIContainer:HandleIMGUIEvent (UnityEngine.Event,UnityEngine.Matrix4x4,UnityEngine.Rect,System.Action,bool)
UnityEngine.UIElements.IMGUIContainer:DoIMGUIRepaint ()
UnityEngine.UIElements.UIR.RenderChainCommand:ExecuteNonDrawMesh (UnityEngine.UIElements.UIR.DrawParams,single,System.Exception&)
UnityEngine.UIElements.UIR.UIRenderDevice:EvaluateChain (UnityEngine.UIElements.UIR.RenderChainCommand,UnityEngine.Material,UnityEngine.Texture,UnityEngine.Texture,System.Nullable`1<UnityEngine.Rect>,UnityEngine.Vector2,single,bool,UnityEngine.UIElements.TextureSlotCount,bool,System.Exception&)
UnityEngine.UIElements.UIR.RenderTreeManager:RenderSingleTree (UnityEngine.UIElements.UIR.RenderTree,UnityEngine.RenderTexture,UnityEngine.RectInt,UnityEngine.Rect)
UnityEngine.UIElements.UIR.RenderTreeManager:RenderRootTree ()
UnityEngine.UIElements.UIRRepaintUpdater:Render ()
UnityEngine.UIElements.BaseVisualElementPanel:Render ()
UnityEngine.UIElements.Panel:Render ()
UnityEditor.UIElements.EditorEventDispatchUtility:DoDispatch (UnityEngine.UIElements.BaseVisualElementPanel,UnityEngine.Event)
UnityEditor.UIElements.DefaultWindowBackend:ProcessEvent (UnityEngine.Event)
UnityEditor.GUIView:ProcessEvent (UnityEngine.EntityId,intptr,bool&)

[C:\build\output\unity\unity\Runtime\Math\Quaternion.cpp line 371]

Quaternion To Matrix conversion failed because input Quaternion is invalid {0.321394, 0.383022, -0.141421, 0.856348} l=1.003332
UnityEngine.Debug:ExtractStackTraceNoAlloc (byte*,int,string)
UnityEngine.StackTraceUtility:ExtractStackTrace ()
UnityEngine.Matrix4x4:Internal_TRS (UnityEngine.Vector3&,UnityEngine.Quaternion&,UnityEngine.Vector3&)
UnityEditor.Handles:DoPositionHandle_Internal (UnityEditor.Handles/PositionHandleIds,UnityEngine.Vector3,UnityEngine.Quaternion,UnityEditor.Handles/PositionHandleParam)
UnityEditor.Handles:DoPositionHandle (UnityEditor.Handles/PositionHandleIds,UnityEngine.Vector3,UnityEngine.Quaternion)
UnityEditor.Handles:DoPositionHandle (UnityEngine.Vector3,UnityEngine.Quaternion)
UnityEditor.Handles:PositionHandle (UnityEngine.Vector3,UnityEngine.Quaternion)
UnityEditor.MoveTool:ToolGUI (UnityEditor.SceneView,UnityEngine.Vector3,bool)
UnityEditor.ManipulationTool`1<UnityEditor.MoveTool>:OnToolGUI (UnityEditor.EditorWindow)
UnityEditor.EditorTools.EditorToolManager/EditorToolState:OnToolGUI (UnityEditor.EditorWindow)
UnityEditor.EditorTools.EditorToolManager:OnToolGUI (UnityEditor.EditorWindow)
UnityEditor.SceneView:DefaultHandles ()
UnityEditor.SceneView:DoOnGUI ()
UnityEditor.SceneView:OnSceneGUI ()
UnityEngine.UIElements.IMGUIContainer:DoOnGUI (UnityEngine.Event,UnityEngine.Matrix4x4,UnityEngine.Rect,bool,UnityEngine.Rect,System.Action,bool)
UnityEngine.UIElements.IMGUIContainer:HandleIMGUIEvent (UnityEngine.Event,UnityEngine.Matrix4x4,UnityEngine.Rect,System.Action,bool)
UnityEngine.UIElements.IMGUIContainer:HandleIMGUIEvent (UnityEngine.Event,System.Action,bool)
UnityEngine.UIElements.IMGUIContainer:HandleIMGUIEvent (UnityEngine.Event,bool)
UnityEngine.UIElements.IMGUIContainer:SendEventToIMGUIRaw (UnityEngine.UIElements.EventBase,bool,bool)
UnityEngine.UIElements.IMGUIContainer:SendEventToIMGUI (UnityEngine.UIElements.EventBase,bool,bool)
UnityEngine.UIElements.EventDispatchUtilities:PropagateToRemainingIMGUIContainerRecursive (UnityEngine.UIElements.EventBase,UnityEngine.UIElements.VisualElement)
UnityEngine.UIElements.EventDispatchUtilities:PropagateToRemainingIMGUIContainerRecursive (UnityEngine.UIElements.EventBase,UnityEngine.UIElements.VisualElement)
UnityEngine.UIElements.EventDispatchUtilities:PropagateToRemainingIMGUIContainerRecursive (UnityEngine.UIElements.EventBase,UnityEngine.UIElements.VisualElement)
UnityEngine.UIElements.EventDispatchUtilities:PropagateToRemainingIMGUIContainerRecursive (UnityEngine.UIElements.EventBase,UnityEngine.UIElements.VisualElement)
UnityEngine.UIElements.EventDispatchUtilities:PropagateToRemainingIMGUIContainerRecursive (UnityEngine.UIElements.EventBase,UnityEngine.UIElements.VisualElement)
UnityEngine.UIElements.EventDispatchUtilities:PropagateToRemainingIMGUIContainerRecursive (UnityEngine.UIElements.EventBase,UnityEngine.UIElements.VisualElement)
UnityEngine.UIElements.EventDispatchUtilities:PropagateToRemainingIMGUIContainerRecursive (UnityEngine.UIElements.EventBase,UnityEngine.UIElements.VisualElement)
UnityEngine.UIElements.EventDispatchUtilities:PropagateToRemainingIMGUIContainerRecursive (UnityEngine.UIElements.EventBase,UnityEngine.UIElements.VisualElement)
UnityEngine.UIElements.EventDispatchUtilities:PropagateToRemainingIMGUIContainers (UnityEngine.UIElements.EventBase,UnityEngine.UIElements.VisualElement)
UnityEngine.UIElements.EditorPanelRootElement:OnEventCompletedAtAnyTarget (UnityEngine.UIElements.EventBase)
UnityEngine.UIElements.EventCallbackFunctor`1<UnityEngine.UIElements.MouseLeaveWindowEvent>:Invoke (UnityEngine.UIElements.EventBase)
UnityEngine.UIElements.EventCallbackRegistry/DynamicCallbackList:Invoke (UnityEngine.UIElements.EventBase,UnityEngine.UIElements.BaseVisualElementPanel,UnityEngine.UIElements.VisualElement)
UnityEngine.UIElements.EventDispatchUtilities:HandleEventAcrossPropagationPath (UnityEngine.UIElements.EventBase,UnityEngine.UIElements.BaseVisualElementPanel,UnityEngine.UIElements.VisualElement,bool)
UnityEngine.UIElements.EventDispatchUtilities:DispatchToElementUnderPointerOrPanelRoot (UnityEngine.UIElements.EventBase,UnityEngine.UIElements.BaseVisualElementPanel,int,UnityEngine.Vector2)
UnityEngine.UIElements.MouseLeaveWindowEvent:Dispatch (UnityEngine.UIElements.BaseVisualElementPanel)
UnityEngine.UIElements.EventDispatcher:ProcessEvent (UnityEngine.UIElements.EventBase,UnityEngine.UIElements.BaseVisualElementPanel)
UnityEngine.UIElements.EventDispatcher:Dispatch (UnityEngine.UIElements.EventBase,UnityEngine.UIElements.BaseVisualElementPanel,UnityEngine.UIElements.DispatchMode)
UnityEngine.UIElements.BaseVisualElementPanel:SendEvent (UnityEngine.UIElements.EventBase,UnityEngine.UIElements.DispatchMode)
UnityEditor.UIElements.EditorEventDispatchUtility:DoDispatch (UnityEngine.UIElements.BaseVisualElementPanel,UnityEngine.Event)
UnityEditor.UIElements.DefaultWindowBackend:ProcessEvent (UnityEngine.Event)
UnityEditor.GUIView:ProcessEvent (UnityEngine.EntityId,intptr,bool&)

[C:\build\output\unity\unity\Runtime\Math\Quaternion.cpp line 371]

Quaternion To Matrix conversion failed because input Quaternion is invalid {0.321394, 0.383022, -0.141421, 0.856348} l=1.003332
UnityEngine.Debug:ExtractStackTraceNoAlloc (byte*,int,string)
UnityEngine.StackTraceUtility:ExtractStackTrace ()
UnityEngine.Matrix4x4:Internal_TRS (UnityEngine.Vector3&,UnityEngine.Quaternion&,UnityEngine.Vector3&)
UnityEditor.Handles:DoPositionHandle_Internal (UnityEditor.Handles/PositionHandleIds,UnityEngine.Vector3,UnityEngine.Quaternion,UnityEditor.Handles/PositionHandleParam)
UnityEditor.Handles:DoPositionHandle (UnityEditor.Handles/PositionHandleIds,UnityEngine.Vector3,UnityEngine.Quaternion)
UnityEditor.Handles:DoPositionHandle (UnityEngine.Vector3,UnityEngine.Quaternion)
UnityEditor.Handles:PositionHandle (UnityEngine.Vector3,UnityEngine.Quaternion)
UnityEditor.MoveTool:ToolGUI (UnityEditor.SceneView,UnityEngine.Vector3,bool)
UnityEditor.ManipulationTool`1<UnityEditor.MoveTool>:OnToolGUI (UnityEditor.EditorWindow)
UnityEditor.EditorTools.EditorToolManager/EditorToolState:OnToolGUI (UnityEditor.EditorWindow)
UnityEditor.EditorTools.EditorToolManager:OnToolGUI (UnityEditor.EditorWindow)
UnityEditor.SceneView:DefaultHandles ()
UnityEditor.SceneView:DoOnGUI ()
UnityEditor.SceneView:OnSceneGUI ()
UnityEngine.UIElements.IMGUIContainer:DoOnGUI (UnityEngine.Event,UnityEngine.Matrix4x4,UnityEngine.Rect,bool,UnityEngine.Rect,System.Action,bool)
UnityEngine.UIElements.IMGUIContainer:HandleIMGUIEvent (UnityEngine.Event,UnityEngine.Matrix4x4,UnityEngine.Rect,System.Action,bool)
UnityEngine.UIElements.IMGUIContainer:HandleIMGUIEvent (UnityEngine.Event,System.Action,bool)
UnityEngine.UIElements.IMGUIContainer:HandleIMGUIEvent (UnityEngine.Event,bool)
UnityEngine.UIElements.IMGUIContainer:SendEventToIMGUIRaw (UnityEngine.UIElements.EventBase,bool,bool)
UnityEngine.UIElements.IMGUIContainer:SendEventToIMGUI (UnityEngine.UIElements.EventBase,bool,bool)
UnityEngine.UIElements.EventDispatchUtilities:PropagateToRemainingIMGUIContainerRecursive (UnityEngine.UIElements.EventBase,UnityEngine.UIElements.VisualElement)
UnityEngine.UIElements.EventDispatchUtilities:PropagateToRemainingIMGUIContainerRecursive (UnityEngine.UIElements.EventBase,UnityEngine.UIElements.VisualElement)
UnityEngine.UIElements.EventDispatchUtilities:PropagateToRemainingIMGUIContainerRecursive (UnityEngine.UIElements.EventBase,UnityEngine.UIElements.VisualElement)
UnityEngine.UIElements.EventDispatchUtilities:PropagateToRemainingIMGUIContainerRecursive (UnityEngine.UIElements.EventBase,UnityEngine.UIElements.VisualElement)
UnityEngine.UIElements.EventDispatchUtilities:PropagateToRemainingIMGUIContainerRecursive (UnityEngine.UIElements.EventBase,UnityEngine.UIElements.VisualElement)
UnityEngine.UIElements.EventDispatchUtilities:PropagateToRemainingIMGUIContainerRecursive (UnityEngine.UIElements.EventBase,UnityEngine.UIElements.VisualElement)
UnityEngine.UIElements.EventDispatchUtilities:PropagateToRemainingIMGUIContainerRecursive (UnityEngine.UIElements.EventBase,UnityEngine.UIElements.VisualElement)
UnityEngine.UIElements.EventDispatchUtilities:PropagateToRemainingIMGUIContainerRecursive (UnityEngine.UIElements.EventBase,UnityEngine.UIElements.VisualElement)
UnityEngine.UIElements.EventDispatchUtilities:PropagateToRemainingIMGUIContainers (UnityEngine.UIElements.EventBase,UnityEngine.UIElements.VisualElement)
UnityEngine.UIElements.EditorPanelRootElement:OnEventCompletedAtAnyTarget (UnityEngine.UIElements.EventBase)
UnityEngine.UIElements.EventCallbackFunctor`1<UnityEngine.UIElements.MouseLeaveWindowEvent>:Invoke (UnityEngine.UIElements.EventBase)
UnityEngine.UIElements.EventCallbackRegistry/DynamicCallbackList:Invoke (UnityEngine.UIElements.EventBase,UnityEngine.UIElements.BaseVisualElementPanel,UnityEngine.UIElements.VisualElement)
UnityEngine.UIElements.EventDispatchUtilities:HandleEventAcrossPropagationPath (UnityEngine.UIElements.EventBase,UnityEngine.UIElements.BaseVisualElementPanel,UnityEngine.UIElements.VisualElement,bool)
UnityEngine.UIElements.EventDispatchUtilities:DispatchToElementUnderPointerOrPanelRoot (UnityEngine.UIElements.EventBase,UnityEngine.UIElements.BaseVisualElementPanel,int,UnityEngine.Vector2)
UnityEngine.UIElements.MouseLeaveWindowEvent:Dispatch (UnityEngine.UIElements.BaseVisualElementPanel)
UnityEngine.UIElements.EventDispatcher:ProcessEvent (UnityEngine.UIElements.EventBase,UnityEngine.UIElements.BaseVisualElementPanel)
UnityEngine.UIElements.EventDispatcher:Dispatch (UnityEngine.UIElements.EventBase,UnityEngine.UIElements.BaseVisualElementPanel,UnityEngine.UIElements.DispatchMode)
UnityEngine.UIElements.BaseVisualElementPanel:SendEvent (UnityEngine.UIElements.EventBase,UnityEngine.UIElements.DispatchMode)
UnityEditor.UIElements.EditorEventDispatchUtility:DoDispatch (UnityEngine.UIElements.BaseVisualElementPanel,UnityEngine.Event)
UnityEditor.UIElements.DefaultWindowBackend:ProcessEvent (UnityEngine.Event)
UnityEditor.GUIView:ProcessEvent (UnityEngine.EntityId,intptr,bool&)

[C:\build\output\unity\unity\Runtime\Math\Quaternion.cpp line 371]

Quaternion To Matrix conversion failed because input Quaternion is invalid {0.321394, 0.383022, -0.141421, 0.856348} l=1.003332
UnityEngine.Debug:ExtractStackTraceNoAlloc (byte*,int,string)
UnityEngine.StackTraceUtility:ExtractStackTrace ()
UnityEngine.Matrix4x4:Internal_TRS (UnityEngine.Vector3&,UnityEngine.Quaternion&,UnityEngine.Vector3&)
UnityEditor.Handles:DoPositionHandle_Internal (UnityEditor.Handles/PositionHandleIds,UnityEngine.Vector3,UnityEngine.Quaternion,UnityEditor.Handles/PositionHandleParam)
UnityEditor.Handles:DoPositionHandle (UnityEditor.Handles/PositionHandleIds,UnityEngine.Vector3,UnityEngine.Quaternion)
UnityEditor.Handles:DoPositionHandle (UnityEngine.Vector3,UnityEngine.Quaternion)
UnityEditor.Handles:PositionHandle (UnityEngine.Vector3,UnityEngine.Quaternion)
UnityEditor.MoveTool:ToolGUI (UnityEditor.SceneView,UnityEngine.Vector3,bool)
UnityEditor.ManipulationTool`1<UnityEditor.MoveTool>:OnToolGUI (UnityEditor.EditorWindow)
UnityEditor.EditorTools.EditorToolManager/EditorToolState:OnToolGUI (UnityEditor.EditorWindow)
UnityEditor.EditorTools.EditorToolManager:OnToolGUI (UnityEditor.EditorWindow)
UnityEditor.SceneView:DefaultHandles ()
UnityEditor.SceneView:DoOnGUI ()
UnityEditor.SceneView:OnSceneGUI ()
UnityEngine.UIElements.IMGUIContainer:DoOnGUI (UnityEngine.Event,UnityEngine.Matrix4x4,UnityEngine.Rect,bool,UnityEngine.Rect,System.Action,bool)
UnityEngine.UIElements.IMGUIContainer:HandleIMGUIEvent (UnityEngine.Event,UnityEngine.Matrix4x4,UnityEngine.Rect,System.Action,bool)
UnityEngine.UIElements.IMGUIContainer:DoIMGUIRepaint ()
UnityEngine.UIElements.UIR.RenderChainCommand:ExecuteNonDrawMesh (UnityEngine.UIElements.UIR.DrawParams,single,System.Exception&)
UnityEngine.UIElements.UIR.UIRenderDevice:EvaluateChain (UnityEngine.UIElements.UIR.RenderChainCommand,UnityEngine.Material,UnityEngine.Texture,UnityEngine.Texture,System.Nullable`1<UnityEngine.Rect>,UnityEngine.Vector2,single,bool,UnityEngine.UIElements.TextureSlotCount,bool,System.Exception&)
UnityEngine.UIElements.UIR.RenderTreeManager:RenderSingleTree (UnityEngine.UIElements.UIR.RenderTree,UnityEngine.RenderTexture,UnityEngine.RectInt,UnityEngine.Rect)
UnityEngine.UIElements.UIR.RenderTreeManager:RenderRootTree ()
UnityEngine.UIElements.UIRRepaintUpdater:Render ()
UnityEngine.UIElements.BaseVisualElementPanel:Render ()
UnityEngine.UIElements.Panel:Render ()
UnityEditor.UIElements.EditorEventDispatchUtility:DoDispatch (UnityEngine.UIElements.BaseVisualElementPanel,UnityEngine.Event)
UnityEditor.UIElements.DefaultWindowBackend:ProcessEvent (UnityEngine.Event)
UnityEditor.GUIView:ProcessEvent (UnityEngine.EntityId,intptr,bool&)

[C:\build\output\unity\unity\Runtime\Math\Quaternion.cpp line 371]

Quaternion To Matrix conversion failed because input Quaternion is invalid {0.321394, 0.383022, -0.141421, 0.856348} l=1.003332
UnityEngine.Debug:ExtractStackTraceNoAlloc (byte*,int,string)
UnityEngine.StackTraceUtility:ExtractStackTrace ()
UnityEngine.Matrix4x4:Internal_TRS (UnityEngine.Vector3&,UnityEngine.Quaternion&,UnityEngine.Vector3&)
UnityEditor.Handles:DoPositionHandle_Internal (UnityEditor.Handles/PositionHandleIds,UnityEngine.Vector3,UnityEngine.Quaternion,UnityEditor.Handles/PositionHandleParam)
UnityEditor.Handles:DoPositionHandle (UnityEditor.Handles/PositionHandleIds,UnityEngine.Vector3,UnityEngine.Quaternion)
UnityEditor.Handles:DoPositionHandle (UnityEngine.Vector3,UnityEngine.Quaternion)
UnityEditor.Handles:PositionHandle (UnityEngine.Vector3,UnityEngine.Quaternion)
UnityEditor.MoveTool:ToolGUI (UnityEditor.SceneView,UnityEngine.Vector3,bool)
UnityEditor.ManipulationTool`1<UnityEditor.MoveTool>:OnToolGUI (UnityEditor.EditorWindow)
UnityEditor.EditorTools.EditorToolManager/EditorToolState:OnToolGUI (UnityEditor.EditorWindow)
UnityEditor.EditorTools.EditorToolManager:OnToolGUI (UnityEditor.EditorWindow)
UnityEditor.SceneView:DefaultHandles ()
UnityEditor.SceneView:DoOnGUI ()
UnityEditor.SceneView:OnSceneGUI ()
UnityEngine.UIElements.IMGUIContainer:DoOnGUI (UnityEngine.Event,UnityEngine.Matrix4x4,UnityEngine.Rect,bool,UnityEngine.Rect,System.Action,bool)
UnityEngine.UIElements.IMGUIContainer:HandleIMGUIEvent (UnityEngine.Event,UnityEngine.Matrix4x4,UnityEngine.Rect,System.Action,bool)
UnityEngine.UIElements.IMGUIContainer:DoIMGUIRepaint ()
UnityEngine.UIElements.UIR.RenderChainCommand:ExecuteNonDrawMesh (UnityEngine.UIElements.UIR.DrawParams,single,System.Exception&)
UnityEngine.UIElements.UIR.UIRenderDevice:EvaluateChain (UnityEngine.UIElements.UIR.RenderChainCommand,UnityEngine.Material,UnityEngine.Texture,UnityEngine.Texture,System.Nullable`1<UnityEngine.Rect>,UnityEngine.Vector2,single,bool,UnityEngine.UIElements.TextureSlotCount,bool,System.Exception&)
UnityEngine.UIElements.UIR.RenderTreeManager:RenderSingleTree (UnityEngine.UIElements.UIR.RenderTree,UnityEngine.RenderTexture,UnityEngine.RectInt,UnityEngine.Rect)
UnityEngine.UIElements.UIR.RenderTreeManager:RenderRootTree ()
UnityEngine.UIElements.UIRRepaintUpdater:Render ()
UnityEngine.UIElements.BaseVisualElementPanel:Render ()
UnityEngine.UIElements.Panel:Render ()
UnityEditor.UIElements.EditorEventDispatchUtility:DoDispatch (UnityEngine.UIElements.BaseVisualElementPanel,UnityEngine.Event)
UnityEditor.UIElements.DefaultWindowBackend:ProcessEvent (UnityEngine.Event)
UnityEditor.GUIView:ProcessEvent (UnityEngine.EntityId,intptr,bool&)

[C:\build\output\unity\unity\Runtime\Math\Quaternion.cpp line 371]

Quaternion To Matrix conversion failed because input Quaternion is invalid {0.321394, 0.383022, -0.141421, 0.856348} l=1.003332
UnityEngine.Debug:ExtractStackTraceNoAlloc (byte*,int,string)
UnityEngine.StackTraceUtility:ExtractStackTrace ()
UnityEngine.Matrix4x4:Internal_TRS (UnityEngine.Vector3&,UnityEngine.Quaternion&,UnityEngine.Vector3&)
UnityEditor.Handles:DoPositionHandle_Internal (UnityEditor.Handles/PositionHandleIds,UnityEngine.Vector3,UnityEngine.Quaternion,UnityEditor.Handles/PositionHandleParam)
UnityEditor.Handles:DoPositionHandle (UnityEditor.Handles/PositionHandleIds,UnityEngine.Vector3,UnityEngine.Quaternion)
UnityEditor.Handles:DoPositionHandle (UnityEngine.Vector3,UnityEngine.Quaternion)
UnityEditor.Handles:PositionHandle (UnityEngine.Vector3,UnityEngine.Quaternion)
UnityEditor.MoveTool:ToolGUI (UnityEditor.SceneView,UnityEngine.Vector3,bool)
UnityEditor.ManipulationTool`1<UnityEditor.MoveTool>:OnToolGUI (UnityEditor.EditorWindow)
UnityEditor.EditorTools.EditorToolManager/EditorToolState:OnToolGUI (UnityEditor.EditorWindow)
UnityEditor.EditorTools.EditorToolManager:OnToolGUI (UnityEditor.EditorWindow)
UnityEditor.SceneView:DefaultHandles ()
UnityEditor.SceneView:DoOnGUI ()
UnityEditor.SceneView:OnSceneGUI ()
UnityEngine.UIElements.IMGUIContainer:DoOnGUI (UnityEngine.Event,UnityEngine.Matrix4x4,UnityEngine.Rect,bool,UnityEngine.Rect,System.Action,bool)
UnityEngine.UIElements.IMGUIContainer:HandleIMGUIEvent (UnityEngine.Event,UnityEngine.Matrix4x4,UnityEngine.Rect,System.Action,bool)
UnityEngine.UIElements.IMGUIContainer:DoIMGUIRepaint ()
UnityEngine.UIElements.UIR.RenderChainCommand:ExecuteNonDrawMesh (UnityEngine.UIElements.UIR.DrawParams,single,System.Exception&)
UnityEngine.UIElements.UIR.UIRenderDevice:EvaluateChain (UnityEngine.UIElements.UIR.RenderChainCommand,UnityEngine.Material,UnityEngine.Texture,UnityEngine.Texture,System.Nullable`1<UnityEngine.Rect>,UnityEngine.Vector2,single,bool,UnityEngine.UIElements.TextureSlotCount,bool,System.Exception&)
UnityEngine.UIElements.UIR.RenderTreeManager:RenderSingleTree (UnityEngine.UIElements.UIR.RenderTree,UnityEngine.RenderTexture,UnityEngine.RectInt,UnityEngine.Rect)
UnityEngine.UIElements.UIR.RenderTreeManager:RenderRootTree ()
UnityEngine.UIElements.UIRRepaintUpdater:Render ()
UnityEngine.UIElements.BaseVisualElementPanel:Render ()
UnityEngine.UIElements.Panel:Render ()
UnityEditor.UIElements.EditorEventDispatchUtility:DoDispatch (UnityEngine.UIElements.BaseVisualElementPanel,UnityEngine.Event)
UnityEditor.UIElements.DefaultWindowBackend:ProcessEvent (UnityEngine.Event)
UnityEditor.GUIView:ProcessEvent (UnityEngine.EntityId,intptr,bool&)

[C:\build\output\unity\unity\Runtime\Math\Quaternion.cpp line 371]

Quaternion To Matrix conversion failed because input Quaternion is invalid {0.321394, 0.383022, -0.141421, 0.856348} l=1.003332
UnityEngine.Debug:ExtractStackTraceNoAlloc (byte*,int,string)
UnityEngine.StackTraceUtility:ExtractStackTrace ()
UnityEngine.Matrix4x4:Internal_TRS (UnityEngine.Vector3&,UnityEngine.Quaternion&,UnityEngine.Vector3&)
UnityEditor.Handles:DoPositionHandle_Internal (UnityEditor.Handles/PositionHandleIds,UnityEngine.Vector3,UnityEngine.Quaternion,UnityEditor.Handles/PositionHandleParam)
UnityEditor.Handles:DoPositionHandle (UnityEditor.Handles/PositionHandleIds,UnityEngine.Vector3,UnityEngine.Quaternion)
UnityEditor.Handles:DoPositionHandle (UnityEngine.Vector3,UnityEngine.Quaternion)
UnityEditor.Handles:PositionHandle (UnityEngine.Vector3,UnityEngine.Quaternion)
UnityEditor.MoveTool:ToolGUI (UnityEditor.SceneView,UnityEngine.Vector3,bool)
UnityEditor.ManipulationTool`1<UnityEditor.MoveTool>:OnToolGUI (UnityEditor.EditorWindow)
UnityEditor.EditorTools.EditorToolManager/EditorToolState:OnToolGUI (UnityEditor.EditorWindow)
UnityEditor.EditorTools.EditorToolManager:OnToolGUI (UnityEditor.EditorWindow)
UnityEditor.SceneView:DefaultHandles ()
UnityEditor.SceneView:DoOnGUI ()
UnityEditor.SceneView:OnSceneGUI ()
UnityEngine.UIElements.IMGUIContainer:DoOnGUI (UnityEngine.Event,UnityEngine.Matrix4x4,UnityEngine.Rect,bool,UnityEngine.Rect,System.Action,bool)
UnityEngine.UIElements.IMGUIContainer:HandleIMGUIEvent (UnityEngine.Event,UnityEngine.Matrix4x4,UnityEngine.Rect,System.Action,bool)
UnityEngine.UIElements.IMGUIContainer:DoIMGUIRepaint ()
UnityEngine.UIElements.UIR.RenderChainCommand:ExecuteNonDrawMesh (UnityEngine.UIElements.UIR.DrawParams,single,System.Exception&)
UnityEngine.UIElements.UIR.UIRenderDevice:EvaluateChain (UnityEngine.UIElements.UIR.RenderChainCommand,UnityEngine.Material,UnityEngine.Texture,UnityEngine.Texture,System.Nullable`1<UnityEngine.Rect>,UnityEngine.Vector2,single,bool,UnityEngine.UIElements.TextureSlotCount,bool,System.Exception&)
UnityEngine.UIElements.UIR.RenderTreeManager:RenderSingleTree (UnityEngine.UIElements.UIR.RenderTree,UnityEngine.RenderTexture,UnityEngine.RectInt,UnityEngine.Rect)
UnityEngine.UIElements.UIR.RenderTreeManager:RenderRootTree ()
UnityEngine.UIElements.UIRRepaintUpdater:Render ()
UnityEngine.UIElements.BaseVisualElementPanel:Render ()
UnityEngine.UIElements.Panel:Render ()
UnityEditor.UIElements.EditorEventDispatchUtility:DoDispatch (UnityEngine.UIElements.BaseVisualElementPanel,UnityEngine.Event)
UnityEditor.UIElements.DefaultWindowBackend:ProcessEvent (UnityEngine.Event)
UnityEditor.GUIView:ProcessEvent (UnityEngine.EntityId,intptr,bool&)

[C:\build\output\unity\unity\Runtime\Math\Quaternion.cpp line 371]

Quaternion To Matrix conversion failed because input Quaternion is invalid {0.321394, 0.383022, -0.141421, 0.856348} l=1.003332
UnityEngine.Debug:ExtractStackTraceNoAlloc (byte*,int,string)
UnityEngine.StackTraceUtility:ExtractStackTrace ()
UnityEngine.Matrix4x4:Internal_TRS (UnityEngine.Vector3&,UnityEngine.Quaternion&,UnityEngine.Vector3&)
UnityEditor.Handles:DoPositionHandle_Internal (UnityEditor.Handles/PositionHandleIds,UnityEngine.Vector3,UnityEngine.Quaternion,UnityEditor.Handles/PositionHandleParam)
UnityEditor.Handles:DoPositionHandle (UnityEditor.Handles/PositionHandleIds,UnityEngine.Vector3,UnityEngine.Quaternion)
UnityEditor.Handles:DoPositionHandle (UnityEngine.Vector3,UnityEngine.Quaternion)
UnityEditor.Handles:PositionHandle (UnityEngine.Vector3,UnityEngine.Quaternion)
UnityEditor.MoveTool:ToolGUI (UnityEditor.SceneView,UnityEngine.Vector3,bool)
UnityEditor.ManipulationTool`1<UnityEditor.MoveTool>:OnToolGUI (UnityEditor.EditorWindow)
UnityEditor.EditorTools.EditorToolManager/EditorToolState:OnToolGUI (UnityEditor.EditorWindow)
UnityEditor.EditorTools.EditorToolManager:OnToolGUI (UnityEditor.EditorWindow)
UnityEditor.SceneView:DefaultHandles ()
UnityEditor.SceneView:DoOnGUI ()
UnityEditor.SceneView:OnSceneGUI ()
UnityEngine.UIElements.IMGUIContainer:DoOnGUI (UnityEngine.Event,UnityEngine.Matrix4x4,UnityEngine.Rect,bool,UnityEngine.Rect,System.Action,bool)
UnityEngine.UIElements.IMGUIContainer:HandleIMGUIEvent (UnityEngine.Event,UnityEngine.Matrix4x4,UnityEngine.Rect,System.Action,bool)
UnityEngine.UIElements.IMGUIContainer:DoIMGUIRepaint ()
UnityEngine.UIElements.UIR.RenderChainCommand:ExecuteNonDrawMesh (UnityEngine.UIElements.UIR.DrawParams,single,System.Exception&)
UnityEngine.UIElements.UIR.UIRenderDevice:EvaluateChain (UnityEngine.UIElements.UIR.RenderChainCommand,UnityEngine.Material,UnityEngine.Texture,UnityEngine.Texture,System.Nullable`1<UnityEngine.Rect>,UnityEngine.Vector2,single,bool,UnityEngine.UIElements.TextureSlotCount,bool,System.Exception&)
UnityEngine.UIElements.UIR.RenderTreeManager:RenderSingleTree (UnityEngine.UIElements.UIR.RenderTree,UnityEngine.RenderTexture,UnityEngine.RectInt,UnityEngine.Rect)
UnityEngine.UIElements.UIR.RenderTreeManager:RenderRootTree ()
UnityEngine.UIElements.UIRRepaintUpdater:Render ()
UnityEngine.UIElements.BaseVisualElementPanel:Render ()
UnityEngine.UIElements.Panel:Render ()
UnityEditor.UIElements.EditorEventDispatchUtility:DoDispatch (UnityEngine.UIElements.BaseVisualElementPanel,UnityEngine.Event)
UnityEditor.UIElements.DefaultWindowBackend:ProcessEvent (UnityEngine.Event)
UnityEditor.GUIView:ProcessEvent (UnityEngine.EntityId,intptr,bool&)

[C:\build\output\unity\unity\Runtime\Math\Quaternion.cpp line 371]

Quaternion To Matrix conversion failed because input Quaternion is invalid {0.321394, 0.383022, -0.141421, 0.856348} l=1.003332
UnityEngine.Debug:ExtractStackTraceNoAlloc (byte*,int,string)
UnityEngine.StackTraceUtility:ExtractStackTrace ()
UnityEngine.Matrix4x4:Internal_TRS (UnityEngine.Vector3&,UnityEngine.Quaternion&,UnityEngine.Vector3&)
UnityEditor.Handles:DoPositionHandle_Internal (UnityEditor.Handles/PositionHandleIds,UnityEngine.Vector3,UnityEngine.Quaternion,UnityEditor.Handles/PositionHandleParam)
UnityEditor.Handles:DoPositionHandle (UnityEditor.Handles/PositionHandleIds,UnityEngine.Vector3,UnityEngine.Quaternion)
UnityEditor.Handles:DoPositionHandle (UnityEngine.Vector3,UnityEngine.Quaternion)
UnityEditor.Handles:PositionHandle (UnityEngine.Vector3,UnityEngine.Quaternion)
UnityEditor.MoveTool:ToolGUI (UnityEditor.SceneView,UnityEngine.Vector3,bool)
UnityEditor.ManipulationTool`1<UnityEditor.MoveTool>:OnToolGUI (UnityEditor.EditorWindow)
UnityEditor.EditorTools.EditorToolManager/EditorToolState:OnToolGUI (UnityEditor.EditorWindow)
UnityEditor.EditorTools.EditorToolManager:OnToolGUI (UnityEditor.EditorWindow)
UnityEditor.SceneView:DefaultHandles ()
UnityEditor.SceneView:DoOnGUI ()
UnityEditor.SceneView:OnSceneGUI ()
UnityEngine.UIElements.IMGUIContainer:DoOnGUI (UnityEngine.Event,UnityEngine.Matrix4x4,UnityEngine.Rect,bool,UnityEngine.Rect,System.Action,bool)
UnityEngine.UIElements.IMGUIContainer:HandleIMGUIEvent (UnityEngine.Event,UnityEngine.Matrix4x4,UnityEngine.Rect,System.Action,bool)
UnityEngine.UIElements.IMGUIContainer:DoIMGUIRepaint ()
UnityEngine.UIElements.UIR.RenderChainCommand:ExecuteNonDrawMesh (UnityEngine.UIElements.UIR.DrawParams,single,System.Exception&)
UnityEngine.UIElements.UIR.UIRenderDevice:EvaluateChain (UnityEngine.UIElements.UIR.RenderChainCommand,UnityEngine.Material,UnityEngine.Texture,UnityEngine.Texture,System.Nullable`1<UnityEngine.Rect>,UnityEngine.Vector2,single,bool,UnityEngine.UIElements.TextureSlotCount,bool,System.Exception&)
UnityEngine.UIElements.UIR.RenderTreeManager:RenderSingleTree (UnityEngine.UIElements.UIR.RenderTree,UnityEngine.RenderTexture,UnityEngine.RectInt,UnityEngine.Rect)
UnityEngine.UIElements.UIR.RenderTreeManager:RenderRootTree ()
UnityEngine.UIElements.UIRRepaintUpdater:Render ()
UnityEngine.UIElements.BaseVisualElementPanel:Render ()
UnityEngine.UIElements.Panel:Render ()
UnityEditor.UIElements.EditorEventDispatchUtility:DoDispatch (UnityEngine.UIElements.BaseVisualElementPanel,UnityEngine.Event)
UnityEditor.UIElements.DefaultWindowBackend:ProcessEvent (UnityEngine.Event)
UnityEditor.GUIView:ProcessEvent (UnityEngine.EntityId,intptr,bool&)

[C:\build\output\unity\unity\Runtime\Math\Quaternion.cpp line 371]

Quaternion To Matrix conversion failed because input Quaternion is invalid {0.321394, 0.383022, -0.141421, 0.856348} l=1.003332
UnityEngine.Debug:ExtractStackTraceNoAlloc (byte*,int,string)
UnityEngine.StackTraceUtility:ExtractStackTrace ()
UnityEngine.Matrix4x4:Internal_TRS (UnityEngine.Vector3&,UnityEngine.Quaternion&,UnityEngine.Vector3&)
UnityEditor.Handles:DoPositionHandle_Internal (UnityEditor.Handles/PositionHandleIds,UnityEngine.Vector3,UnityEngine.Quaternion,UnityEditor.Handles/PositionHandleParam)
UnityEditor.Handles:DoPositionHandle (UnityEditor.Handles/PositionHandleIds,UnityEngine.Vector3,UnityEngine.Quaternion)
UnityEditor.Handles:DoPositionHandle (UnityEngine.Vector3,UnityEngine.Quaternion)
UnityEditor.Handles:PositionHandle (UnityEngine.Vector3,UnityEngine.Quaternion)
UnityEditor.MoveTool:ToolGUI (UnityEditor.SceneView,UnityEngine.Vector3,bool)
UnityEditor.ManipulationTool`1<UnityEditor.MoveTool>:OnToolGUI (UnityEditor.EditorWindow)
UnityEditor.EditorTools.EditorToolManager/EditorToolState:OnToolGUI (UnityEditor.EditorWindow)
UnityEditor.EditorTools.EditorToolManager:OnToolGUI (UnityEditor.EditorWindow)
UnityEditor.SceneView:DefaultHandles ()
UnityEditor.SceneView:DoOnGUI ()
UnityEditor.SceneView:OnSceneGUI ()
UnityEngine.UIElements.IMGUIContainer:DoOnGUI (UnityEngine.Event,UnityEngine.Matrix4x4,UnityEngine.Rect,bool,UnityEngine.Rect,System.Action,bool)
UnityEngine.UIElements.IMGUIContainer:HandleIMGUIEvent (UnityEngine.Event,UnityEngine.Matrix4x4,UnityEngine.Rect,System.Action,bool)
UnityEngine.UIElements.IMGUIContainer:DoIMGUIRepaint ()
UnityEngine.UIElements.UIR.RenderChainCommand:ExecuteNonDrawMesh (UnityEngine.UIElements.UIR.DrawParams,single,System.Exception&)
UnityEngine.UIElements.UIR.UIRenderDevice:EvaluateChain (UnityEngine.UIElements.UIR.RenderChainCommand,UnityEngine.Material,UnityEngine.Texture,UnityEngine.Texture,System.Nullable`1<UnityEngine.Rect>,UnityEngine.Vector2,single,bool,UnityEngine.UIElements.TextureSlotCount,bool,System.Exception&)
UnityEngine.UIElements.UIR.RenderTreeManager:RenderSingleTree (UnityEngine.UIElements.UIR.RenderTree,UnityEngine.RenderTexture,UnityEngine.RectInt,UnityEngine.Rect)
UnityEngine.UIElements.UIR.RenderTreeManager:RenderRootTree ()
UnityEngine.UIElements.UIRRepaintUpdater:Render ()
UnityEngine.UIElements.BaseVisualElementPanel:Render ()
UnityEngine.UIElements.Panel:Render ()
UnityEditor.UIElements.EditorEventDispatchUtility:DoDispatch (UnityEngine.UIElements.BaseVisualElementPanel,UnityEngine.Event)
UnityEditor.UIElements.DefaultWindowBackend:ProcessEvent (UnityEngine.Event)
UnityEditor.GUIView:ProcessEvent (UnityEngine.EntityId,intptr,bool&)

[C:\build\output\unity\unity\Runtime\Math\Quaternion.cpp line 371]

Quaternion To Matrix conversion failed because input Quaternion is invalid {0.321394, 0.383022, -0.141421, 0.856348} l=1.003332
UnityEngine.Debug:ExtractStackTraceNoAlloc (byte*,int,string)
UnityEngine.StackTraceUtility:ExtractStackTrace ()
UnityEngine.Matrix4x4:Internal_TRS (UnityEngine.Vector3&,UnityEngine.Quaternion&,UnityEngine.Vector3&)
UnityEditor.Handles:DoPositionHandle_Internal (UnityEditor.Handles/PositionHandleIds,UnityEngine.Vector3,UnityEngine.Quaternion,UnityEditor.Handles/PositionHandleParam)
UnityEditor.Handles:DoPositionHandle (UnityEditor.Handles/PositionHandleIds,UnityEngine.Vector3,UnityEngine.Quaternion)
UnityEditor.Handles:DoPositionHandle (UnityEngine.Vector3,UnityEngine.Quaternion)
UnityEditor.Handles:PositionHandle (UnityEngine.Vector3,UnityEngine.Quaternion)
UnityEditor.MoveTool:ToolGUI (UnityEditor.SceneView,UnityEngine.Vector3,bool)
UnityEditor.ManipulationTool`1<UnityEditor.MoveTool>:OnToolGUI (UnityEditor.EditorWindow)
UnityEditor.EditorTools.EditorToolManager/EditorToolState:OnToolGUI (UnityEditor.EditorWindow)
UnityEditor.EditorTools.EditorToolManager:OnToolGUI (UnityEditor.EditorWindow)
UnityEditor.SceneView:DefaultHandles ()
UnityEditor.SceneView:DoOnGUI ()
UnityEditor.SceneView:OnSceneGUI ()
UnityEngine.UIElements.IMGUIContainer:DoOnGUI (UnityEngine.Event,UnityEngine.Matrix4x4,UnityEngine.Rect,bool,UnityEngine.Rect,System.Action,bool)
UnityEngine.UIElements.IMGUIContainer:HandleIMGUIEvent (UnityEngine.Event,UnityEngine.Matrix4x4,UnityEngine.Rect,System.Action,bool)
UnityEngine.UIElements.IMGUIContainer:DoIMGUIRepaint ()
UnityEngine.UIElements.UIR.RenderChainCommand:ExecuteNonDrawMesh (UnityEngine.UIElements.UIR.DrawParams,single,System.Exception&)
UnityEngine.UIElements.UIR.UIRenderDevice:EvaluateChain (UnityEngine.UIElements.UIR.RenderChainCommand,UnityEngine.Material,UnityEngine.Texture,UnityEngine.Texture,System.Nullable`1<UnityEngine.Rect>,UnityEngine.Vector2,single,bool,UnityEngine.UIElements.TextureSlotCount,bool,System.Exception&)
UnityEngine.UIElements.UIR.RenderTreeManager:RenderSingleTree (UnityEngine.UIElements.UIR.RenderTree,UnityEngine.RenderTexture,UnityEngine.RectInt,UnityEngine.Rect)
UnityEngine.UIElements.UIR.RenderTreeManager:RenderRootTree ()
UnityEngine.UIElements.UIRRepaintUpdater:Render ()
UnityEngine.UIElements.BaseVisualElementPanel:Render ()
UnityEngine.UIElements.Panel:Render ()
UnityEditor.UIElements.EditorEventDispatchUtility:DoDispatch (UnityEngine.UIElements.BaseVisualElementPanel,UnityEngine.Event)
UnityEditor.UIElements.DefaultWindowBackend:ProcessEvent (UnityEngine.Event)
UnityEditor.GUIView:ProcessEvent (UnityEngine.EntityId,intptr,bool&)

[C:\build\output\unity\unity\Runtime\Math\Quaternion.cpp line 371]

Asset Pipeline Refresh (id=3e873ea028a88654fa2892e80ff42b99): Total: 0.010 seconds - Initiated by RefreshV2(AllowForceSynchronousImport)
Quaternion To Matrix conversion failed because input Quaternion is invalid {0.321394, 0.383022, -0.141421, 0.856348} l=1.003332
UnityEngine.Debug:ExtractStackTraceNoAlloc (byte*,int,string)
UnityEngine.StackTraceUtility:ExtractStackTrace ()
UnityEngine.Matrix4x4:Internal_TRS (UnityEngine.Vector3&,UnityEngine.Quaternion&,UnityEngine.Vector3&)
UnityEditor.Handles:DoPositionHandle_Internal (UnityEditor.Handles/PositionHandleIds,UnityEngine.Vector3,UnityEngine.Quaternion,UnityEditor.Handles/PositionHandleParam)
UnityEditor.Handles:DoPositionHandle (UnityEditor.Handles/PositionHandleIds,UnityEngine.Vector3,UnityEngine.Quaternion)
UnityEditor.Handles:DoPositionHandle (UnityEngine.Vector3,UnityEngine.Quaternion)
UnityEditor.Handles:PositionHandle (UnityEngine.Vector3,UnityEngine.Quaternion)
UnityEditor.MoveTool:ToolGUI (UnityEditor.SceneView,UnityEngine.Vector3,bool)
UnityEditor.ManipulationTool`1<UnityEditor.MoveTool>:OnToolGUI (UnityEditor.EditorWindow)
UnityEditor.EditorTools.EditorToolManager/EditorToolState:OnToolGUI (UnityEditor.EditorWindow)
UnityEditor.EditorTools.EditorToolManager:OnToolGUI (UnityEditor.EditorWindow)
UnityEditor.SceneView:DefaultHandles ()
UnityEditor.SceneView:DoOnGUI ()
UnityEditor.SceneView:OnSceneGUI ()
UnityEngine.UIElements.IMGUIContainer:DoOnGUI (UnityEngine.Event,UnityEngine.Matrix4x4,UnityEngine.Rect,bool,UnityEngine.Rect,System.Action,bool)
UnityEngine.UIElements.IMGUIContainer:HandleIMGUIEvent (UnityEngine.Event,UnityEngine.Matrix4x4,UnityEngine.Rect,System.Action,bool)
UnityEngine.UIElements.IMGUIContainer:DoIMGUIRepaint ()
UnityEngine.UIElements.UIR.RenderChainCommand:ExecuteNonDrawMesh (UnityEngine.UIElements.UIR.DrawParams,single,System.Exception&)
UnityEngine.UIElements.UIR.UIRenderDevice:EvaluateChain (UnityEngine.UIElements.UIR.RenderChainCommand,UnityEngine.Material,UnityEngine.Texture,UnityEngine.Texture,System.Nullable`1<UnityEngine.Rect>,UnityEngine.Vector2,single,bool,UnityEngine.UIElements.TextureSlotCount,bool,System.Exception&)
UnityEngine.UIElements.UIR.RenderTreeManager:RenderSingleTree (UnityEngine.UIElements.UIR.RenderTree,UnityEngine.RenderTexture,UnityEngine.RectInt,UnityEngine.Rect)
UnityEngine.UIElements.UIR.RenderTreeManager:RenderRootTree ()
UnityEngine.UIElements.UIRRepaintUpdater:Render ()
UnityEngine.UIElements.BaseVisualElementPanel:Render ()
UnityEngine.UIElements.Panel:Render ()
UnityEditor.UIElements.EditorEventDispatchUtility:DoDispatch (UnityEngine.UIElements.BaseVisualElementPanel,UnityEngine.Event)
UnityEditor.UIElements.DefaultWindowBackend:ProcessEvent (UnityEngine.Event)
UnityEditor.GUIView:ProcessEvent (UnityEngine.EntityId,intptr,bool&)

[C:\build\output\unity\unity\Runtime\Math\Quaternion.cpp line 371]

Quaternion To Matrix conversion failed because input Quaternion is invalid {0.321394, 0.383022, -0.141421, 0.856348} l=1.003332
UnityEngine.Debug:ExtractStackTraceNoAlloc (byte*,int,string)
UnityEngine.StackTraceUtility:ExtractStackTrace ()
UnityEngine.Matrix4x4:Internal_TRS (UnityEngine.Vector3&,UnityEngine.Quaternion&,UnityEngine.Vector3&)
UnityEditor.Handles:DoPositionHandle_Internal (UnityEditor.Handles/PositionHandleIds,UnityEngine.Vector3,UnityEngine.Quaternion,UnityEditor.Handles/PositionHandleParam)
UnityEditor.Handles:DoPositionHandle (UnityEditor.Handles/PositionHandleIds,UnityEngine.Vector3,UnityEngine.Quaternion)
UnityEditor.Handles:DoPositionHandle (UnityEngine.Vector3,UnityEngine.Quaternion)
UnityEditor.Handles:PositionHandle (UnityEngine.Vector3,UnityEngine.Quaternion)
UnityEditor.MoveTool:ToolGUI (UnityEditor.SceneView,UnityEngine.Vector3,bool)
UnityEditor.ManipulationTool`1<UnityEditor.MoveTool>:OnToolGUI (UnityEditor.EditorWindow)
UnityEditor.EditorTools.EditorToolManager/EditorToolState:OnToolGUI (UnityEditor.EditorWindow)
UnityEditor.EditorTools.EditorToolManager:OnToolGUI (UnityEditor.EditorWindow)
UnityEditor.SceneView:DefaultHandles ()
UnityEditor.SceneView:DoOnGUI ()
UnityEditor.SceneView:OnSceneGUI ()
UnityEngine.UIElements.IMGUIContainer:DoOnGUI (UnityEngine.Event,UnityEngine.Matrix4x4,UnityEngine.Rect,bool,UnityEngine.Rect,System.Action,bool)
UnityEngine.UIElements.IMGUIContainer:HandleIMGUIEvent (UnityEngine.Event,UnityEngine.Matrix4x4,UnityEngine.Rect,System.Action,bool)
UnityEngine.UIElements.IMGUIContainer:DoIMGUIRepaint ()
UnityEngine.UIElements.UIR.RenderChainCommand:ExecuteNonDrawMesh (UnityEngine.UIElements.UIR.DrawParams,single,System.Exception&)
UnityEngine.UIElements.UIR.UIRenderDevice:EvaluateChain (UnityEngine.UIElements.UIR.RenderChainCommand,UnityEngine.Material,UnityEngine.Texture,UnityEngine.Texture,System.Nullable`1<UnityEngine.Rect>,UnityEngine.Vector2,single,bool,UnityEngine.UIElements.TextureSlotCount,bool,System.Exception&)
UnityEngine.UIElements.UIR.RenderTreeManager:RenderSingleTree (UnityEngine.UIElements.UIR.RenderTree,UnityEngine.RenderTexture,UnityEngine.RectInt,UnityEngine.Rect)
UnityEngine.UIElements.UIR.RenderTreeManager:RenderRootTree ()
UnityEngine.UIElements.UIRRepaintUpdater:Render ()
UnityEngine.UIElements.BaseVisualElementPanel:Render ()
UnityEngine.UIElements.Panel:Render ()
UnityEditor.UIElements.EditorEventDispatchUtility:DoDispatch (UnityEngine.UIElements.BaseVisualElementPanel,UnityEngine.Event)
UnityEditor.UIElements.DefaultWindowBackend:ProcessEvent (UnityEngine.Event)
UnityEditor.GUIView:ProcessEvent (UnityEngine.EntityId,intptr,bool&)

[C:\build\output\unity\unity\Runtime\Math\Quaternion.cpp line 371]

Quaternion To Matrix conversion failed because input Quaternion is invalid {0.321394, 0.383022, -0.141421, 0.856348} l=1.003332
UnityEngine.Debug:ExtractStackTraceNoAlloc (byte*,int,string)
UnityEngine.StackTraceUtility:ExtractStackTrace ()
UnityEngine.Matrix4x4:Internal_TRS (UnityEngine.Vector3&,UnityEngine.Quaternion&,UnityEngine.Vector3&)
UnityEditor.Handles:DoPositionHandle_Internal (UnityEditor.Handles/PositionHandleIds,UnityEngine.Vector3,UnityEngine.Quaternion,UnityEditor.Handles/PositionHandleParam)
UnityEditor.Handles:DoPositionHandle (UnityEditor.Handles/PositionHandleIds,UnityEngine.Vector3,UnityEngine.Quaternion)
UnityEditor.Handles:DoPositionHandle (UnityEngine.Vector3,UnityEngine.Quaternion)
UnityEditor.Handles:PositionHandle (UnityEngine.Vector3,UnityEngine.Quaternion)
UnityEditor.MoveTool:ToolGUI (UnityEditor.SceneView,UnityEngine.Vector3,bool)
UnityEditor.ManipulationTool`1<UnityEditor.MoveTool>:OnToolGUI (UnityEditor.EditorWindow)
UnityEditor.EditorTools.EditorToolManager/EditorToolState:OnToolGUI (UnityEditor.EditorWindow)
UnityEditor.EditorTools.EditorToolManager:OnToolGUI (UnityEditor.EditorWindow)
UnityEditor.SceneView:DefaultHandles ()
UnityEditor.SceneView:DoOnGUI ()
UnityEditor.SceneView:OnSceneGUI ()
UnityEngine.UIElements.IMGUIContainer:DoOnGUI (UnityEngine.Event,UnityEngine.Matrix4x4,UnityEngine.Rect,bool,UnityEngine.Rect,System.Action,bool)
UnityEngine.UIElements.IMGUIContainer:HandleIMGUIEvent (UnityEngine.Event,UnityEngine.Matrix4x4,UnityEngine.Rect,System.Action,bool)
UnityEngine.UIElements.IMGUIContainer:DoIMGUIRepaint ()
UnityEngine.UIElements.UIR.RenderChainCommand:ExecuteNonDrawMesh (UnityEngine.UIElements.UIR.DrawParams,single,System.Exception&)
UnityEngine.UIElements.UIR.UIRenderDevice:EvaluateChain (UnityEngine.UIElements.UIR.RenderChainCommand,UnityEngine.Material,UnityEngine.Texture,UnityEngine.Texture,System.Nullable`1<UnityEngine.Rect>,UnityEngine.Vector2,single,bool,UnityEngine.UIElements.TextureSlotCount,bool,System.Exception&)
UnityEngine.UIElements.UIR.RenderTreeManager:RenderSingleTree (UnityEngine.UIElements.UIR.RenderTree,UnityEngine.RenderTexture,UnityEngine.RectInt,UnityEngine.Rect)
UnityEngine.UIElements.UIR.RenderTreeManager:RenderRootTree ()
UnityEngine.UIElements.UIRRepaintUpdater:Render ()
UnityEngine.UIElements.BaseVisualElementPanel:Render ()
UnityEngine.UIElements.Panel:Render ()
UnityEditor.UIElements.EditorEventDispatchUtility:DoDispatch (UnityEngine.UIElements.BaseVisualElementPanel,UnityEngine.Event)
UnityEditor.UIElements.DefaultWindowBackend:ProcessEvent (UnityEngine.Event)
UnityEditor.GUIView:ProcessEvent (UnityEngine.EntityId,intptr,bool&)

[C:\build\output\unity\unity\Runtime\Math\Quaternion.cpp line 371]

Quaternion To Matrix conversion failed because input Quaternion is invalid {0.321394, 0.383022, -0.141421, 0.856348} l=1.003332
UnityEngine.Debug:ExtractStackTraceNoAlloc (byte*,int,string)
UnityEngine.StackTraceUtility:ExtractStackTrace ()
UnityEngine.Matrix4x4:Internal_TRS (UnityEngine.Vector3&,UnityEngine.Quaternion&,UnityEngine.Vector3&)
UnityEditor.Handles:DoPositionHandle_Internal (UnityEditor.Handles/PositionHandleIds,UnityEngine.Vector3,UnityEngine.Quaternion,UnityEditor.Handles/PositionHandleParam)
UnityEditor.Handles:DoPositionHandle (UnityEditor.Handles/PositionHandleIds,UnityEngine.Vector3,UnityEngine.Quaternion)
UnityEditor.Handles:DoPositionHandle (UnityEngine.Vector3,UnityEngine.Quaternion)
UnityEditor.Handles:PositionHandle (UnityEngine.Vector3,UnityEngine.Quaternion)
UnityEditor.MoveTool:ToolGUI (UnityEditor.SceneView,UnityEngine.Vector3,bool)
UnityEditor.ManipulationTool`1<UnityEditor.MoveTool>:OnToolGUI (UnityEditor.EditorWindow)
UnityEditor.EditorTools.EditorToolManager/EditorToolState:OnToolGUI (UnityEditor.EditorWindow)
UnityEditor.EditorTools.EditorToolManager:OnToolGUI (UnityEditor.EditorWindow)
UnityEditor.SceneView:DefaultHandles ()
UnityEditor.SceneView:DoOnGUI ()
UnityEditor.SceneView:OnSceneGUI ()
UnityEngine.UIElements.IMGUIContainer:DoOnGUI (UnityEngine.Event,UnityEngine.Matrix4x4,UnityEngine.Rect,bool,UnityEngine.Rect,System.Action,bool)
UnityEngine.UIElements.IMGUIContainer:HandleIMGUIEvent (UnityEngine.Event,UnityEngine.Matrix4x4,UnityEngine.Rect,System.Action,bool)
UnityEngine.UIElements.IMGUIContainer:DoIMGUIRepaint ()
UnityEngine.UIElements.UIR.RenderChainCommand:ExecuteNonDrawMesh (UnityEngine.UIElements.UIR.DrawParams,single,System.Exception&)
UnityEngine.UIElements.UIR.UIRenderDevice:EvaluateChain (UnityEngine.UIElements.UIR.RenderChainCommand,UnityEngine.Material,UnityEngine.Texture,UnityEngine.Texture,System.Nullable`1<UnityEngine.Rect>,UnityEngine.Vector2,single,bool,UnityEngine.UIElements.TextureSlotCount,bool,System.Exception&)
UnityEngine.UIElements.UIR.RenderTreeManager:RenderSingleTree (UnityEngine.UIElements.UIR.RenderTree,UnityEngine.RenderTexture,UnityEngine.RectInt,UnityEngine.Rect)
UnityEngine.UIElements.UIR.RenderTreeManager:RenderRootTree ()
UnityEngine.UIElements.UIRRepaintUpdater:Render ()
UnityEngine.UIElements.BaseVisualElementPanel:Render ()
UnityEngine.UIElements.Panel:Render ()
UnityEditor.UIElements.EditorEventDispatchUtility:DoDispatch (UnityEngine.UIElements.BaseVisualElementPanel,UnityEngine.Event)
UnityEditor.UIElements.DefaultWindowBackend:ProcessEvent (UnityEngine.Event)
UnityEditor.GUIView:ProcessEvent (UnityEngine.EntityId,intptr,bool&)

[C:\build\output\unity\unity\Runtime\Math\Quaternion.cpp line 371]

Quaternion To Matrix conversion failed because input Quaternion is invalid {0.321394, 0.383022, -0.141421, 0.856348} l=1.003332
UnityEngine.Debug:ExtractStackTraceNoAlloc (byte*,int,string)
UnityEngine.StackTraceUtility:ExtractStackTrace ()
UnityEngine.Matrix4x4:Internal_TRS (UnityEngine.Vector3&,UnityEngine.Quaternion&,UnityEngine.Vector3&)
UnityEditor.Handles:DoPositionHandle_Internal (UnityEditor.Handles/PositionHandleIds,UnityEngine.Vector3,UnityEngine.Quaternion,UnityEditor.Handles/PositionHandleParam)
UnityEditor.Handles:DoPositionHandle (UnityEditor.Handles/PositionHandleIds,UnityEngine.Vector3,UnityEngine.Quaternion)
UnityEditor.Handles:DoPositionHandle (UnityEngine.Vector3,UnityEngine.Quaternion)
UnityEditor.Handles:PositionHandle (UnityEngine.Vector3,UnityEngine.Quaternion)
UnityEditor.MoveTool:ToolGUI (UnityEditor.SceneView,UnityEngine.Vector3,bool)
UnityEditor.ManipulationTool`1<UnityEditor.MoveTool>:OnToolGUI (UnityEditor.EditorWindow)
UnityEditor.EditorTools.EditorToolManager/EditorToolState:OnToolGUI (UnityEditor.EditorWindow)
UnityEditor.EditorTools.EditorToolManager:OnToolGUI (UnityEditor.EditorWindow)
UnityEditor.SceneView:DefaultHandles ()
UnityEditor.SceneView:DoOnGUI ()
UnityEditor.SceneView:OnSceneGUI ()
UnityEngine.UIElements.IMGUIContainer:DoOnGUI (UnityEngine.Event,UnityEngine.Matrix4x4,UnityEngine.Rect,bool,UnityEngine.Rect,System.Action,bool)
UnityEngine.UIElements.IMGUIContainer:HandleIMGUIEvent (UnityEngine.Event,UnityEngine.Matrix4x4,UnityEngine.Rect,System.Action,bool)
UnityEngine.UIElements.IMGUIContainer:DoIMGUIRepaint ()
UnityEngine.UIElements.UIR.RenderChainCommand:ExecuteNonDrawMesh (UnityEngine.UIElements.UIR.DrawParams,single,System.Exception&)
UnityEngine.UIElements.UIR.UIRenderDevice:EvaluateChain (UnityEngine.UIElements.UIR.RenderChainCommand,UnityEngine.Material,UnityEngine.Texture,UnityEngine.Texture,System.Nullable`1<UnityEngine.Rect>,UnityEngine.Vector2,single,bool,UnityEngine.UIElements.TextureSlotCount,bool,System.Exception&)
UnityEngine.UIElements.UIR.RenderTreeManager:RenderSingleTree (UnityEngine.UIElements.UIR.RenderTree,UnityEngine.RenderTexture,UnityEngine.RectInt,UnityEngine.Rect)
UnityEngine.UIElements.UIR.RenderTreeManager:RenderRootTree ()
UnityEngine.UIElements.UIRRepaintUpdater:Render ()
UnityEngine.UIElements.BaseVisualElementPanel:Render ()
UnityEngine.UIElements.Panel:Render ()
UnityEditor.UIElements.EditorEventDispatchUtility:DoDispatch (UnityEngine.UIElements.BaseVisualElementPanel,UnityEngine.Event)
UnityEditor.UIElements.DefaultWindowBackend:ProcessEvent (UnityEngine.Event)
UnityEditor.GUIView:ProcessEvent (UnityEngine.EntityId,intptr,bool&)

[C:\build\output\unity\unity\Runtime\Math\Quaternion.cpp line 371]

Quaternion To Matrix conversion failed because input Quaternion is invalid {0.321394, 0.383022, -0.141421, 0.856348} l=1.003332
UnityEngine.Debug:ExtractStackTraceNoAlloc (byte*,int,string)
UnityEngine.StackTraceUtility:ExtractStackTrace ()
UnityEngine.Matrix4x4:Internal_TRS (UnityEngine.Vector3&,UnityEngine.Quaternion&,UnityEngine.Vector3&)
UnityEditor.Handles:DoPositionHandle_Internal (UnityEditor.Handles/PositionHandleIds,UnityEngine.Vector3,UnityEngine.Quaternion,UnityEditor.Handles/PositionHandleParam)
UnityEditor.Handles:DoPositionHandle (UnityEditor.Handles/PositionHandleIds,UnityEngine.Vector3,UnityEngine.Quaternion)
UnityEditor.Handles:DoPositionHandle (UnityEngine.Vector3,UnityEngine.Quaternion)
UnityEditor.Handles:PositionHandle (UnityEngine.Vector3,UnityEngine.Quaternion)
UnityEditor.MoveTool:ToolGUI (UnityEditor.SceneView,UnityEngine.Vector3,bool)
UnityEditor.ManipulationTool`1<UnityEditor.MoveTool>:OnToolGUI (UnityEditor.EditorWindow)
UnityEditor.EditorTools.EditorToolManager/EditorToolState:OnToolGUI (UnityEditor.EditorWindow)
UnityEditor.EditorTools.EditorToolManager:OnToolGUI (UnityEditor.EditorWindow)
UnityEditor.SceneView:DefaultHandles ()
UnityEditor.SceneView:DoOnGUI ()
UnityEditor.SceneView:OnSceneGUI ()
UnityEngine.UIElements.IMGUIContainer:DoOnGUI (UnityEngine.Event,UnityEngine.Matrix4x4,UnityEngine.Rect,bool,UnityEngine.Rect,System.Action,bool)
UnityEngine.UIElements.IMGUIContainer:HandleIMGUIEvent (UnityEngine.Event,UnityEngine.Matrix4x4,UnityEngine.Rect,System.Action,bool)
UnityEngine.UIElements.IMGUIContainer:DoIMGUIRepaint ()
UnityEngine.UIElements.UIR.RenderChainCommand:ExecuteNonDrawMesh (UnityEngine.UIElements.UIR.DrawParams,single,System.Exception&)
UnityEngine.UIElements.UIR.UIRenderDevice:EvaluateChain (UnityEngine.UIElements.UIR.RenderChainCommand,UnityEngine.Material,UnityEngine.Texture,UnityEngine.Texture,System.Nullable`1<UnityEngine.Rect>,UnityEngine.Vector2,single,bool,UnityEngine.UIElements.TextureSlotCount,bool,System.Exception&)
UnityEngine.UIElements.UIR.RenderTreeManager:RenderSingleTree (UnityEngine.UIElements.UIR.RenderTree,UnityEngine.RenderTexture,UnityEngine.RectInt,UnityEngine.Rect)
UnityEngine.UIElements.UIR.RenderTreeManager:RenderRootTree ()
UnityEngine.UIElements.UIRRepaintUpdater:Render ()
UnityEngine.UIElements.BaseVisualElementPanel:Render ()
UnityEngine.UIElements.Panel:Render ()
UnityEditor.UIElements.EditorEventDispatchUtility:DoDispatch (UnityEngine.UIElements.BaseVisualElementPanel,UnityEngine.Event)
UnityEditor.UIElements.DefaultWindowBackend:ProcessEvent (UnityEngine.Event)
UnityEditor.GUIView:ProcessEvent (UnityEngine.EntityId,intptr,bool&)

[C:\build\output\unity\unity\Runtime\Math\Quaternion.cpp line 371]

Asset Pipeline Refresh (id=cf1f502ce6e730c42a9e4facf8f56b26): Total: 0.006 seconds - Initiated by RefreshV2(AllowForceSynchronousImport)
Asset Pipeline Refresh (id=c02d894c14b71ee498ecc065d1211ba6): Total: 0.006 seconds - Initiated by RefreshV2(AllowForceSynchronousImport)
Asset Pipeline Refresh (id=52fef20de1d4c374ab3508a0ef985658): Total: 0.005 seconds - Initiated by RefreshV2(AllowForceSynchronousImport)
Asset Pipeline Refresh (id=88e71b49fef726f4ea543384ba5f1cbf): Total: 0.005 seconds - Initiated by RefreshV2(AllowForceSynchronousImport)
Asset Pipeline Refresh (id=e60c29192827e2144ac18ee6cb9da4ef): Total: 0.011 seconds - Initiated by RefreshV2(AllowForceSynchronousImport)
[ScriptCompilation] Requested script compilation because: AssetDatabase observed changes in script compilation related files
[Licensing::Client] Successfully resolved entitlement details
info: Microsoft.AspNetCore.Hosting.Diagnostics[1]
      Request starting HTTP/2 POST http://ilpp/UnityILPP.PostProcessing/Ping - application/grpc -
info: Microsoft.AspNetCore.Routing.EndpointMiddleware[0]
      Executing endpoint 'gRPC - /UnityILPP.PostProcessing/Ping'
info: Microsoft.AspNetCore.Routing.EndpointMiddleware[1]
      Executed endpoint 'gRPC - /UnityILPP.PostProcessing/Ping'
info: Microsoft.AspNetCore.Hosting.Diagnostics[2]
      Request finished HTTP/2 POST http://ilpp/UnityILPP.PostProcessing/Ping - 200 - application/grpc 2.0041ms
Starting: C:\Program Files\Unity\Hub\Editor\6000.5.3f1\Editor\Data\Tools\BuildPipeline\bee_backend.exe --ipc --defer-dag-verification --dagfile="Library/Bee/1900b0aE.dag" --continue-on-failure --profile="Library/Bee/backend1.traceevents" ScriptAssemblies
WorkingDir: D:/Assets
ExitCode: 0 Duration: 4s697ms
[300/303    4s] Csc Library/Bee/artifacts/1900b0aE.dag/Assembly-CSharp.dll (+2 others)
[301/303    0s] CopyFiles Library/ScriptAssemblies/Assembly-CSharp.dll
[302/303    0s] CopyFiles Library/ScriptAssemblies/Assembly-CSharp.pdb
*** Tundra build success (4.63 seconds), 3 items updated, 303 evaluated
Reloading assemblies after forced synchronous recompile.
Begin MonoManager ReloadAssembly
Total cache size 148717844
Total cache size after purge 148717844, took 00:00:00.3658236
Native extension for WindowsStandalone target not found
[MODES] ModeService[none].Initialize
[MODES] ModeService[none].LoadModes
ScheduleIndexationOnStartup MainProcess:True IndexOnStartup:True
Mono: successfully reloaded assembly
- Finished resetting the current domain, in  1.763 seconds
Domain Reload Profiling: 2745ms
	BeginReloadAssembly (660ms)
		DisableScriptedObjects (206ms)
		CreateAndSetChildDomain (222ms)
	RebuildCommonClasses (11ms)
	RebuildNativeTypeToScriptingClass (21ms)
	initialDomainReloadingComplete (66ms)
	LoadAllAssembliesAndSetupDomain (222ms)
		LoadAssemblies (146ms)
		AnalyzeDomain (70ms)
			TypeCache.Refresh (8ms)
			BuildScriptInfoCaches (59ms)
	FinalizeReload (1764ms)
		SetupLoadedEditorAssemblies (0ms)
			BeforeProcessingInitializeOnLoad (211ms)
			ProcessInitializeOnLoadAttributes (152ms)
			ProcessInitializeOnLoadMethodAttributes (120ms)
			AfterProcessingInitializeOnLoad (10ms)
		AwakeInstancesAfterBackupRestoration (783ms)
Importing 'GUID: 2016355b121a1d141a5a696a5e1a3204 - Path: Assets/SimplePoly City - Low Poly Assets/Materials/Building_Residential_color01.mat' with importer (NativeFormatImporter)
Imported 'GUID: 2016355b121a1d141a5a696a5e1a3204' -> (Import Result ID: '573f36b96f5021416037c1d524904522') in 0.057 seconds [static dependencies only]. Details - ImportResultOutputID=dc897e42139ebce381a7c4ab4d2800e8 DependenciesID=746fb8a2a6cd284670f2ef0dd2785459 StaticDependenciesID=f5f2087516a20f75a0b304495522ccab 
Importing 'GUID: 50a5ebe9a8d86a04d8e3b59966418b04 - Path: Assets/SimplePoly City - Low Poly Assets/Materials/Building_Super Market.mat' with importer (NativeFormatImporter)
Imported 'GUID: 50a5ebe9a8d86a04d8e3b59966418b04' -> (Import Result ID: 'ebe054e3df697f18d9a1ecb170112656') in 0.009 seconds [static dependencies only]. Details - ImportResultOutputID=f7b37443ad08df7a5adcd83cb54995af DependenciesID=605328658cded30b6d17814b00e5c669 StaticDependenciesID=115fd6814c8c7ececec92d20384fb1ab 
Importing 'GUID: 5008df5fba3101c4c81e4cf6b008c663 - Path: Assets/SimplePoly City - Low Poly Assets/Materials/Building_Gas Station.mat' with importer (NativeFormatImporter)
Imported 'GUID: 5008df5fba3101c4c81e4cf6b008c663' -> (Import Result ID: '3dd60bef4ec5e5b49aa7a9f9935c26b1') in 0.014 seconds [static dependencies only]. Details - ImportResultOutputID=d5ef24bbf79072dd93579aa54fbddc18 DependenciesID=e7d78d05bfa4bae11f9af7cfc08e0f33 StaticDependenciesID=4e9fcae0bb80e52349a42dbdd96f294f 
Importing 'GUID: 503a5bca82bfa754d93ab882c47b76d1 - Path: Assets/SimplePoly City - Low Poly Assets/Materials/Building_Residential_color03.mat' with importer (NativeFormatImporter)
Imported 'GUID: 503a5bca82bfa754d93ab882c47b76d1' -> (Import Result ID: '9ec3b147c8462a77292293461767c1ca') in 0.010 seconds [static dependencies only]. Details - ImportResultOutputID=616c2a90d6a385131f37f3ad9d34d784 DependenciesID=8de60a090336c1f2a1dddf6abdaa2a20 StaticDependenciesID=69eebad9730ea97f83fc2f28a8a8abc9 
Importing 'GUID: 906011f6bacf9c9479526c7df3eacc75 - Path: Assets/SimplePoly City - Low Poly Assets/Materials/Building_Clothing.mat' with importer (NativeFormatImporter)
Imported 'GUID: 906011f6bacf9c9479526c7df3eacc75' -> (Import Result ID: '709ce40c89ce014fa4e3bc129c63c13f') in 0.008 seconds [static dependencies only]. Details - ImportResultOutputID=4367d09c4ccddbc3a125e2fc327c9f64 DependenciesID=782411b4c6c5cf95e56ecf85dfd38442 StaticDependenciesID=071a45340913966c77d6a7caf5ca3712 
Importing 'GUID: c0172b2eebb55f74bbb355a1b1fe0557 - Path: Assets/SimplePoly City - Low Poly Assets/Materials/Vehicle_SUV_color01.mat' with importer (NativeFormatImporter)
Imported 'GUID: c0172b2eebb55f74bbb355a1b1fe0557' -> (Import Result ID: 'b7973417aeb2c055a817457097a390d0') in 0.008 seconds [static dependencies only]. Details - ImportResultOutputID=9fc2e4b0b7457b4bb4396264a29d2f13 DependenciesID=ca88b4379cde4daee69c647b6107b5a5 StaticDependenciesID=f123195e9827a4501b89bf688ebf120d 
Importing 'GUID: d0b99db790965dc40a437662f169eb57 - Path: Assets/SimplePoly City - Low Poly Assets/Materials/Building_House_01_color01.mat' with importer (NativeFormatImporter)
Imported 'GUID: d0b99db790965dc40a437662f169eb57' -> (Import Result ID: '6cb7ed88a2ce503e7e10760277dec936') in 0.008 seconds [static dependencies only]. Details - ImportResultOutputID=bae8114389ec979df12865d8ca682209 DependenciesID=56833025825d63995be86985e4b796d6 StaticDependenciesID=4428f27d586063f3957a11d17b4fdb7e 
Importing 'GUID: a1a61be9dd7e91b4faec2c4eb7ca4e8c - Path: Assets/SimplePoly City - Low Poly Assets/Materials/Building Sky_big_color03.mat' with importer (NativeFormatImporter)
Imported 'GUID: a1a61be9dd7e91b4faec2c4eb7ca4e8c' -> (Import Result ID: 'd8029d8f67203ffc28cdfb2cdf2d5191') in 0.012 seconds [static dependencies only]. Details - ImportResultOutputID=356eef0902a8cdc49b7cac4f2e663569 DependenciesID=5533c20176b6c8e229eaae804001d05b StaticDependenciesID=0ad067dabff42559e857960e7fe0636b 
Importing 'GUID: c16376cb5b7e25b429aa618d4386f4ea - Path: Assets/SimplePoly City - Low Poly Assets/Materials/Building Sky_small_color02.mat' with importer (NativeFormatImporter)
Imported 'GUID: c16376cb5b7e25b429aa618d4386f4ea' -> (Import Result ID: '9fe37a89da68c52750d17908c0d000f9') in 0.011 seconds [static dependencies only]. Details - ImportResultOutputID=bbc3e8282afc4de225abeb3022735d10 DependenciesID=721d77f72e1b906da41c66167a044cd0 StaticDependenciesID=31c91a949c8dfb0e10e1c1fe4bebeb1d 
Importing 'GUID: d15e38c8ed480004fbb959137225b569 - Path: Assets/SimplePoly City - Low Poly Assets/Materials/Building_Chicken Shop.mat' with importer (NativeFormatImporter)
Imported 'GUID: d15e38c8ed480004fbb959137225b569' -> (Import Result ID: '14e72cb4f0f97a28be80c5ae4904dce1') in 0.010 seconds [static dependencies only]. Details - ImportResultOutputID=1aa799e0e1c5c8835482a7f3c25997f9 DependenciesID=9cbf657788c7701a147e4b54d0e2bac3 StaticDependenciesID=3c8b72583ac52f5bdd432d83fca2b7ff 
Importing 'GUID: 0238b0371d23a1b4d98b05c3ff3b4df7 - Path: Assets/SimplePoly City - Low Poly Assets/Materials/Building Sky_big_color01.mat' with importer (NativeFormatImporter)
Imported 'GUID: 0238b0371d23a1b4d98b05c3ff3b4df7' -> (Import Result ID: '0bb466490a98739fafb246d9f3b955de') in 0.011 seconds [static dependencies only]. Details - ImportResultOutputID=b38e8c0094746c6c1401dbf2db52d7ca DependenciesID=59f26c6d232947ab852b1628ae847bc5 StaticDependenciesID=7aeedb88470d2b9c2e1c701947d7a047 
Importing 'GUID: 82af60631a0969d44b0bf6becad3dc6e - Path: Assets/SimplePoly City - Low Poly Assets/Materials/Building_Music Store.mat' with importer (NativeFormatImporter)
Imported 'GUID: 82af60631a0969d44b0bf6becad3dc6e' -> (Import Result ID: '40842e34d9e6ec7cb3914ad8e3d0d025') in 0.013 seconds [static dependencies only]. Details - ImportResultOutputID=681f8ebe235ad9aac241768fcf6769f1 DependenciesID=f3d82ba16147aed6b8983cfb9f8f0ed5 StaticDependenciesID=141e92e9c8384639384ffed449ff03fa 
Importing 'GUID: d2be81fdd0927fa40a4ac00be93d9bf6 - Path: Assets/SimplePoly City - Low Poly Assets/Materials/Building_Books Shop.mat' with importer (NativeFormatImporter)
Imported 'GUID: d2be81fdd0927fa40a4ac00be93d9bf6' -> (Import Result ID: '0df660762c25f5a7bdd41a7320ce26ba') in 0.012 seconds [static dependencies only]. Details - ImportResultOutputID=8c49920d5f99fb3f9ea3ca323842b94a DependenciesID=b635838d4537509cacb665bf9659a7c8 StaticDependenciesID=8a265bc52cab4092db9b816d2b0c1122 
Importing 'GUID: 032dad8ae2ae60a4b9cb4d7267132a1d - Path: Assets/SimplePoly City - Low Poly Assets/Materials/Building_Residential_color02.mat' with importer (NativeFormatImporter)
Imported 'GUID: 032dad8ae2ae60a4b9cb4d7267132a1d' -> (Import Result ID: '00a03c0c0fd41ed6136bbf376e102635') in 0.011 seconds [static dependencies only]. Details - ImportResultOutputID=21731ce0413bd801c1d5a826dbd2a5c8 DependenciesID=3beacd24050a01f4da64754cce512e06 StaticDependenciesID=1046543ada1507cdb4c3c835cd2999ff 
Importing 'GUID: f3d0a94161d16b9449517d5d8f357098 - Path: Assets/SimplePoly City - Low Poly Assets/Materials/Vehicle_Pick up Truck_color03.mat' with importer (NativeFormatImporter)
Imported 'GUID: f3d0a94161d16b9449517d5d8f357098' -> (Import Result ID: '05f9f4b1971a5d94e790d3b2e80c10b8') in 0.012 seconds [static dependencies only]. Details - ImportResultOutputID=37fbf425c3f897478ea6f52e6ce4df3b DependenciesID=566a2895723c50b835c03a274fa634ef StaticDependenciesID=fd3b5ab713400eea962f5bbcf5f08ed4 
Importing 'GUID: 24c20333a6b79874298a79151051f9fa - Path: Assets/SimplePoly City - Low Poly Assets/Materials/Vehicle_Taxi.mat' with importer (NativeFormatImporter)
Imported 'GUID: 24c20333a6b79874298a79151051f9fa' -> (Import Result ID: '8ef1866bd37385ccf3973ba2eb7bab3c') in 0.016 seconds [static dependencies only]. Details - ImportResultOutputID=6ff62f18a420a38c8e258fe5f462c962 DependenciesID=863007918b5a0f3101a7975ff519a816 StaticDependenciesID=0e6ba7008dffbb48836baabe908b427b 
Importing 'GUID: 444598fdbae3357408ac7daa0fd9eabe - Path: Assets/SimplePoly City - Low Poly Assets/Materials/Vehicle_Car_color02.mat' with importer (NativeFormatImporter)
Imported 'GUID: 444598fdbae3357408ac7daa0fd9eabe' -> (Import Result ID: '71a793910a9bd81e35a79133070c70a2') in 0.010 seconds [static dependencies only]. Details - ImportResultOutputID=1f880222c122e3cfeafea77996dbd212 DependenciesID=ca5c498f3471142ba79bdebd9fe531ca StaticDependenciesID=dc896137c4bf750446b78b794bd52aaa 
Importing 'GUID: 748bc3a1eddacab499ba4248377c18a3 - Path: Assets/SimplePoly City - Low Poly Assets/Materials/Building_Stadium.mat' with importer (NativeFormatImporter)
Imported 'GUID: 748bc3a1eddacab499ba4248377c18a3' -> (Import Result ID: '96a35dec9a876bf126baeb0f28be4779') in 0.011 seconds [static dependencies only]. Details - ImportResultOutputID=2cc0d27493e23836627d566b80f05139 DependenciesID=40677c919d72d867091186b234ee8c07 StaticDependenciesID=674b7b044fe8e57f03458b96a4a28045 
Importing 'GUID: 94d51beb0fcd7044885fa789ac899eb1 - Path: Assets/SimplePoly City - Low Poly Assets/Materials/Vehicle_Pick up Truck_color02.mat' with importer (NativeFormatImporter)
Imported 'GUID: 94d51beb0fcd7044885fa789ac899eb1' -> (Import Result ID: 'd2316f0880e89a6f2758ad165735047e') in 0.011 seconds [static dependencies only]. Details - ImportResultOutputID=f7325e64f8e3543907e83a9aefd5a191 DependenciesID=018eae65c5fa99aab2e17b6423273697 StaticDependenciesID=e5d819f1f93b4125b10dd56422ec039c 
Importing 'GUID: 25119463e811d3c4c82a0d92a6e1c561 - Path: Assets/SimplePoly City - Low Poly Assets/Materials/Building_Shoes Shop.mat' with importer (NativeFormatImporter)
Imported 'GUID: 25119463e811d3c4c82a0d92a6e1c561' -> (Import Result ID: '570fc130639b232f398518922681eb8b') in 0.010 seconds [static dependencies only]. Details - ImportResultOutputID=a5b172c6a44029da414b2067f79bc022 DependenciesID=a8f0af99ca394af97af4641d0b6e5ceb StaticDependenciesID=6ae9a2ea997e0cca64eb0ad95ee5d955 
Importing 'GUID: 759ae00b1dd8b674794d18b46f674c55 - Path: Assets/SimplePoly City - Low Poly Assets/Materials/Building_House_03_color02.mat' with importer (NativeFormatImporter)
Imported 'GUID: 759ae00b1dd8b674794d18b46f674c55' -> (Import Result ID: '704545c160c6cf6c776be1edaec66fca') in 0.013 seconds [static dependencies only]. Details - ImportResultOutputID=f3eaa1362b67846ae4f132f1638fbabb DependenciesID=7485d6e3f5c11d6882078313959f9a04 StaticDependenciesID=9bc0cf80e698d48152368c9f8ed93c45 
Importing 'GUID: b5a19d15b0a91e74eacfaf96d03ca2f0 - Path: Assets/SimplePoly City - Low Poly Assets/Materials/Building_House_04_color01.mat' with importer (NativeFormatImporter)
Imported 'GUID: b5a19d15b0a91e74eacfaf96d03ca2f0' -> (Import Result ID: 'df25e97f8202ab8b09778396fdd4a782') in 0.010 seconds [static dependencies only]. Details - ImportResultOutputID=951c5f933890002c0c7cdb132211b6a6 DependenciesID=11573e69302cf845b2a8de35578100b5 StaticDependenciesID=1c924af7541ec281bf8ea7a40336abc5 
Importing 'GUID: c55cd13c983151f488686d50353a716f - Path: Assets/SimplePoly City - Low Poly Assets/Materials/Vehicle_Car_color01.mat' with importer (NativeFormatImporter)
Imported 'GUID: c55cd13c983151f488686d50353a716f' -> (Import Result ID: '015ce8e25a8e7c6151433e8e83263dbe') in 0.010 seconds [static dependencies only]. Details - ImportResultOutputID=96cddbed9cb896f69fe7be9debd142f8 DependenciesID=5da86d03bb04aecda5467cc0f658fe74 StaticDependenciesID=d584e3555ee17dcdaa80f8ce3b32c5e9 
Importing 'GUID: 6635f2e276b1e904bb60b1e67d0853da - Path: Assets/SimplePoly City - Low Poly Assets/Materials/Vehicle_SUV_color02.mat' with importer (NativeFormatImporter)
Imported 'GUID: 6635f2e276b1e904bb60b1e67d0853da' -> (Import Result ID: 'b563f8a482d95e2b3a133976087012e9') in 0.010 seconds [static dependencies only]. Details - ImportResultOutputID=1fd4686d24453dc23654107e4cf27381 DependenciesID=cd7d05c4e968952d7dcc861796ef2971 StaticDependenciesID=37ee3f16fbfddfad11b8590b11516a33 
Importing 'GUID: 66866c7f5319a2d4ab19d87f65b08692 - Path: Assets/SimplePoly City - Low Poly Assets/Materials/Vehicle_SUV_color03.mat' with importer (NativeFormatImporter)
Imported 'GUID: 66866c7f5319a2d4ab19d87f65b08692' -> (Import Result ID: 'b78452baac0842d262045137866ac4ee') in 0.011 seconds [static dependencies only]. Details - ImportResultOutputID=065e2abcc86099d7a89e0d87573a431e DependenciesID=548729eac50da4136a255ea32db7f345 StaticDependenciesID=d99d06332ec3b099b05316836622fd3a 
Importing 'GUID: 8659c6f38f710284c9a623201882790c - Path: Assets/SimplePoly City - Low Poly Assets/Materials/Vehicle_Bus_color03.mat' with importer (NativeFormatImporter)
Imported 'GUID: 8659c6f38f710284c9a623201882790c' -> (Import Result ID: '048602ceb58a1daee52f0b062501047a') in 0.009 seconds [static dependencies only]. Details - ImportResultOutputID=059afd2a11608024a736b95075e6877f DependenciesID=8b57c97dff1b807dd9ba48c401e512c7 StaticDependenciesID=2a52eab46eaa96ac91a386e4bc052c95 
Importing 'GUID: b6d73c7816cc2914d8f49ccc54d19714 - Path: Assets/SimplePoly City - Low Poly Assets/Materials/Building_House_01_color03.mat' with importer (NativeFormatImporter)
Imported 'GUID: b6d73c7816cc2914d8f49ccc54d19714' -> (Import Result ID: 'ea32f685de507ba306d8419d671fa937') in 0.009 seconds [static dependencies only]. Details - ImportResultOutputID=44d384eb50d9946f6b28eedd579d5bd9 DependenciesID=b0799031e005454bc0fa74e92ac0e69c StaticDependenciesID=a7bc2ef588cbc5025eb92fab5c40d179 
Importing 'GUID: b66f907b85259674ca69f1732a632bcd - Path: Assets/SimplePoly City - Low Poly Assets/Materials/Building_House_02_color02.mat' with importer (NativeFormatImporter)
Imported 'GUID: b66f907b85259674ca69f1732a632bcd' -> (Import Result ID: 'af31612d4bd4f57bf830634aafc2731c') in 0.009 seconds [static dependencies only]. Details - ImportResultOutputID=45c50d7ed6e4af71db18db2b5fe8154c DependenciesID=9a0fae392df54075ec4819cbd418ea57 StaticDependenciesID=9231c567e28b9c5eb8dcb60c707ec408 
Importing 'GUID: c622c6f6cb906dd47b5fd1368346e0c8 - Path: Assets/SimplePoly City - Low Poly Assets/Materials/Building_House_02_color03.mat' with importer (NativeFormatImporter)
Imported 'GUID: c622c6f6cb906dd47b5fd1368346e0c8' -> (Import Result ID: '69a2e363bce848e164632294235afed5') in 0.009 seconds [static dependencies only]. Details - ImportResultOutputID=a06c87fbd0e5f2bf718d7ae7dd50ace3 DependenciesID=f94c3e904df94a9447e083fda6f8a86c StaticDependenciesID=8847a6a08364bb4cc01466a3a2c54885 
Importing 'GUID: 37608e6988151a248951cdd1a93a59c5 - Path: Assets/SimplePoly City - Low Poly Assets/Materials/Vehicle_Car_color03.mat' with importer (NativeFormatImporter)
Imported 'GUID: 37608e6988151a248951cdd1a93a59c5' -> (Import Result ID: '9349156421798248de939c7e35639a04') in 0.008 seconds [static dependencies only]. Details - ImportResultOutputID=97b68a500dbff84ec68844f138af4e4d DependenciesID=7d9c102204d28ee5aa9b410040a9aef7 StaticDependenciesID=e53f263d7cb0ac866c4d52d0b2ce399d 
Importing 'GUID: 374ab596cd3f81b429cc260ead5cad1d - Path: Assets/SimplePoly City - Low Poly Assets/Materials/Building_House_02_color01.mat' with importer (NativeFormatImporter)
Imported 'GUID: 374ab596cd3f81b429cc260ead5cad1d' -> (Import Result ID: '067152bf97490f51e13ecfa7abda18ce') in 0.008 seconds [static dependencies only]. Details - ImportResultOutputID=086e8d21b878196399c08a3b9b508558 DependenciesID=d1835ea6687bfd7a31b9ce4e39f591d9 StaticDependenciesID=8467a38e4203dc89ad7550a750a9a0e5 
Importing 'GUID: f75e227920ccbc54a86b0f655ddc5b69 - Path: Assets/SimplePoly City - Low Poly Assets/Materials/Props_BillBoard_large.mat' with importer (NativeFormatImporter)
Imported 'GUID: f75e227920ccbc54a86b0f655ddc5b69' -> (Import Result ID: '6983668b2611cf3d997fefa975dd3a81') in 0.008 seconds [static dependencies only]. Details - ImportResultOutputID=d94e758c70923433966b36dd29aaadd6 DependenciesID=114f804b374295d2bea15d7264f97354 StaticDependenciesID=e2311b91bcda4841c40bd0f0d215ea0f 
Importing 'GUID: 2851e6469fffc7640a0b1333a9b2519f - Path: Assets/SimplePoly City - Low Poly Assets/Materials/Vehicle_Bus_color01.mat' with importer (NativeFormatImporter)
Imported 'GUID: 2851e6469fffc7640a0b1333a9b2519f' -> (Import Result ID: '0a4a286f0ea5429a3f7c92d24204373c') in 0.008 seconds [static dependencies only]. Details - ImportResultOutputID=239819a2102a818dd75294624ea1ac0d DependenciesID=930396237c4f0c48b7d77ceb29f0dfe1 StaticDependenciesID=edc8fa386b09ddbd6e4ec64f55f81254 
Importing 'GUID: 28c4d6fc3a6598a49bd5947f62155562 - Path: Assets/SimplePoly City - Low Poly Assets/Materials/Vehicle_Container_color02.mat' with importer (NativeFormatImporter)
Imported 'GUID: 28c4d6fc3a6598a49bd5947f62155562' -> (Import Result ID: '278a00321dc6b51e0f2853e36b5baca7') in 0.009 seconds [static dependencies only]. Details - ImportResultOutputID=dcecdbd58b2251bfacda439f7a54cf18 DependenciesID=4097883725e0dbdd4a3bae98362fc6b0 StaticDependenciesID=da879694c42cff63a7c33b34d54c9475 
Importing 'GUID: 38ce9279a60381844a3f6a85bac88a3e - Path: Assets/SimplePoly City - Low Poly Assets/Materials/Building_Auto Service.mat' with importer (NativeFormatImporter)
Imported 'GUID: 38ce9279a60381844a3f6a85bac88a3e' -> (Import Result ID: '608542d8b3022fa163beeeec2002971f') in 0.009 seconds [static dependencies only]. Details - ImportResultOutputID=310b0bd47e5c1567ef385dcc11ee017d DependenciesID=0ab6d8a5161e743914730b2c6321cb51 StaticDependenciesID=16278f2f42a20842ab513119eae8f986 
Importing 'GUID: 583621a2a9afaee4c93548c5ac08d4e3 - Path: Assets/SimplePoly City - Low Poly Assets/Materials/Building_Restaurant.mat' with importer (NativeFormatImporter)
Imported 'GUID: 583621a2a9afaee4c93548c5ac08d4e3' -> (Import Result ID: '896bc08f24aad137391bc3cb1555df55') in 0.009 seconds [static dependencies only]. Details - ImportResultOutputID=1408cdd6ecdb67218c875847e629f506 DependenciesID=79c8debf17036717ef8d86e71d31afdb StaticDependenciesID=f114cd9193600d94a37aad5f2ec5f5e2 
Importing 'GUID: 98387a5e673a6ab4dbed345505f5ca07 - Path: Assets/SimplePoly City - Low Poly Assets/Materials/Building_Pizza.mat' with importer (NativeFormatImporter)
Imported 'GUID: 98387a5e673a6ab4dbed345505f5ca07' -> (Import Result ID: 'b2da6ccf8acc5b3ed4f5dc9e7298ad1a') in 0.008 seconds [static dependencies only]. Details - ImportResultOutputID=7060e9f9e322176b8d0b4035dea21fc8 DependenciesID=448aaf5f1f31613e77f297bb3fc42c70 StaticDependenciesID=dd92d39dc26e8ffcf64b694f1143d529 
Importing 'GUID: 39f651e340882304fa6f21b321d3bea5 - Path: Assets/SimplePoly City - Low Poly Assets/Materials/Natures.mat' with importer (NativeFormatImporter)
Imported 'GUID: 39f651e340882304fa6f21b321d3bea5' -> (Import Result ID: 'e32876a11713c767cef46ce327ce2d5f') in 0.008 seconds [static dependencies only]. Details - ImportResultOutputID=df0602d20d072c336c93315e078748d2 DependenciesID=ecef1b57db2593dc0ad6da7b5c77288c StaticDependenciesID=49c6c1965ec0ea46054494eb489c1ad4 
Importing 'GUID: 4967bea7482277d48955ef26a2a50c7c - Path: Assets/SimplePoly City - Low Poly Assets/Materials/Building_Coffee Shop.mat' with importer (NativeFormatImporter)
Imported 'GUID: 4967bea7482277d48955ef26a2a50c7c' -> (Import Result ID: '994696946fc2e73c90ac9cbc98445d21') in 0.009 seconds [static dependencies only]. Details - ImportResultOutputID=00499ae96fde9d5690d16687e88800bc DependenciesID=6e39b282f9274213b49ef77d7946475e StaticDependenciesID=2adf6c140ee7893fb0ea386ed7c8d0ce 
Importing 'GUID: 5969c1f4dba612842ac19dbf345dd211 - Path: Assets/SimplePoly City - Low Poly Assets/Materials/Building_House_04_color02.mat' with importer (NativeFormatImporter)
Imported 'GUID: 5969c1f4dba612842ac19dbf345dd211' -> (Import Result ID: 'eee8cd9c93500bd54e6c342430e54532') in 0.008 seconds [static dependencies only]. Details - ImportResultOutputID=de69bc524543ecda9c8c93897633c321 DependenciesID=58652a28fc27b464fb78374aa37333f6 StaticDependenciesID=bedf25370673267c8cfc7bb9d87eed72 
Importing 'GUID: 791087fbdef01f44fb204ef3dc5e6db8 - Path: Assets/SimplePoly City - Low Poly Assets/Materials/Road Concrete Tile.mat' with importer (NativeFormatImporter)
Imported 'GUID: 791087fbdef01f44fb204ef3dc5e6db8' -> (Import Result ID: '227f0371c6162e1b86116ab4bdbe36a7') in 0.008 seconds [static dependencies only]. Details - ImportResultOutputID=b5b51ebefee7e27c1da2eadbbc4b9e0d DependenciesID=b1ab523115fe29e40b7fa15cbd21efdb StaticDependenciesID=d50eb85b5df353af59cc26e8e8e30728 
Importing 'GUID: 992fb1e4bf06a5b488783670728d3f46 - Path: Assets/SimplePoly City - Low Poly Assets/Materials/Vehicle_Container_color01.mat' with importer (NativeFormatImporter)
Imported 'GUID: 992fb1e4bf06a5b488783670728d3f46' -> (Import Result ID: '4b98c62aaaa6c609432917d9a3a41191') in 0.008 seconds [static dependencies only]. Details - ImportResultOutputID=825ae41710c802051d5032ac9e20a138 DependenciesID=c9474298e1f6857b75c0fc4c50046e99 StaticDependenciesID=6e7a2aaad5cd65d61716cd92aa95273e 
Importing 'GUID: f9332e9be9cda3a4e8544e41a0366b6d - Path: Assets/SimplePoly City - Low Poly Assets/Materials/Building_Drug Store.mat' with importer (NativeFormatImporter)
Imported 'GUID: f9332e9be9cda3a4e8544e41a0366b6d' -> (Import Result ID: '69a20fa94298510e88769d6cc6273002') in 0.008 seconds [static dependencies only]. Details - ImportResultOutputID=d676f5c497ec1c4eebc4aab7d8f565e8 DependenciesID=f708af2baceedd99445dfdb5fd943dd5 StaticDependenciesID=ddc247bf4a997e551d61e524687a754f 
Importing 'GUID: 1a8b38fa8ecb06d4b8eadffe456fd574 - Path: Assets/SimplePoly City - Low Poly Assets/Materials/Building_Bar.mat' with importer (NativeFormatImporter)
Imported 'GUID: 1a8b38fa8ecb06d4b8eadffe456fd574' -> (Import Result ID: '42f0dfdf81c8c9292fb26cefd7e61c57') in 0.008 seconds [static dependencies only]. Details - ImportResultOutputID=76e2768d9eab5567b4c9c1f0cf07acd7 DependenciesID=90ac0bcf6cc8d174128b78464b540478 StaticDependenciesID=6e5f546c299a46e1ff86158783ff1891 
Importing 'GUID: 8a98f40ab24c33a4cb2d6dd96393db82 - Path: Assets/SimplePoly City - Low Poly Assets/Materials/Props_BillBoard_medium.mat' with importer (NativeFormatImporter)
Imported 'GUID: 8a98f40ab24c33a4cb2d6dd96393db82' -> (Import Result ID: 'a3954f2613be2dc7454faaf210d4fe7d') in 0.009 seconds [static dependencies only]. Details - ImportResultOutputID=b4cbdff9186e0e575594905da6fa650c DependenciesID=9f2b391c9db0ae4c23db91c482bce867 StaticDependenciesID=afc82f20997ce3e34be3c31cdacfa006 
Importing 'GUID: aa873d2eb05f7a249b6c4af961517216 - Path: Assets/SimplePoly City - Low Poly Assets/Materials/Vehicle_Truck_color02.mat' with importer (NativeFormatImporter)
Imported 'GUID: aa873d2eb05f7a249b6c4af961517216' -> (Import Result ID: '04b94d24120d1f1872c02fa823259039') in 0.009 seconds [static dependencies only]. Details - ImportResultOutputID=c1b156e2799da153fd9a638f5bae2c2b DependenciesID=c90eb3f287eee9049709a40f58bd9b63 StaticDependenciesID=1a6d9eb3d86c274ba0bda2c477fdd1e5 
Importing 'GUID: ba66acee62948c24baacd1186810d424 - Path: Assets/SimplePoly City - Low Poly Assets/Materials/Building Sky_big_color02.mat' with importer (NativeFormatImporter)
Imported 'GUID: ba66acee62948c24baacd1186810d424' -> (Import Result ID: 'be6939746e5a8e546ea8d56e1bc09e09') in 0.008 seconds [static dependencies only]. Details - ImportResultOutputID=65c059da3d5d465383392043d338f140 DependenciesID=4f7792a24fa21b05f1a2679f140ef410 StaticDependenciesID=0195f1db1d80122bd93e31b812032f2f 
Importing 'GUID: ca3609b9bffbfb14ab8e97e2329ad3b0 - Path: Assets/SimplePoly City - Low Poly Assets/Materials/Building_House_03_color01.mat' with importer (NativeFormatImporter)
Imported 'GUID: ca3609b9bffbfb14ab8e97e2329ad3b0' -> (Import Result ID: '144c8c89b828d29b3e6248332b431ecb') in 0.009 seconds [static dependencies only]. Details - ImportResultOutputID=6876c7bd920a47ddd360075d65333294 DependenciesID=cfbe4f91d5887a365b85c5ba47dd86e8 StaticDependenciesID=2a829114be80d8fc4a0665a9e65bdfdf 
Importing 'GUID: ca1eb6db662c95e47b63cb150cf463f9 - Path: Assets/SimplePoly City - Low Poly Assets/Materials/Vehicle_Police Car.mat' with importer (NativeFormatImporter)
Imported 'GUID: ca1eb6db662c95e47b63cb150cf463f9' -> (Import Result ID: '602417f37eaead835697bc6976eb76b0') in 0.008 seconds [static dependencies only]. Details - ImportResultOutputID=9a0fafe8fc6be284ea69ef2d569eeceb DependenciesID=f64481e7a90d776afaf9e0d1c16fc82f StaticDependenciesID=f48cbb917ceeafed23d4a993dd036fc4 
Importing 'GUID: faa0cd7e7e1757945a22cce35d7069cd - Path: Assets/SimplePoly City - Low Poly Assets/Materials/Road.mat' with importer (NativeFormatImporter)
Imported 'GUID: faa0cd7e7e1757945a22cce35d7069cd' -> (Import Result ID: 'cfc4febe489fbade07843e0fc3d95d25') in 0.013 seconds [static dependencies only]. Details - ImportResultOutputID=ef5c55edb200796f5a940664db8e2561 DependenciesID=8e932384d4671011c9eee3f7f5ed2f05 StaticDependenciesID=76d620be8e1f69c1b5d8a178793be707 
Importing 'GUID: 1b96474fd045dce4a8b2ffba96618392 - Path: Assets/SimplePoly City - Low Poly Assets/Materials/Props_Props_01.mat' with importer (NativeFormatImporter)
Imported 'GUID: 1b96474fd045dce4a8b2ffba96618392' -> (Import Result ID: 'dfaea0dd0f35d63bb0e26e0b26046fdc') in 0.009 seconds [static dependencies only]. Details - ImportResultOutputID=2dd4143ceb020873b8c72175c63f0cd5 DependenciesID=522f0c1089fbcc9f927ab83106c66c58 StaticDependenciesID=390a67bfddbf07bda0bce04819f1995c 
Importing 'GUID: 1b289b633b2f4624584f749cf4e5e7f2 - Path: Assets/SimplePoly City - Low Poly Assets/Materials/Building_House_01_color02.mat' with importer (NativeFormatImporter)
Imported 'GUID: 1b289b633b2f4624584f749cf4e5e7f2' -> (Import Result ID: '5a2b8e3369f8da6167ada490dfcdff52') in 0.009 seconds [static dependencies only]. Details - ImportResultOutputID=3dc79ff6d4b65577db16953ce0ee576b DependenciesID=9b47ad3e06d9f7761205ab551275eba7 StaticDependenciesID=59c4f4034486bd55831a409372d2e8bf 
Importing 'GUID: abc266de8c01de040bfa48da3f006d12 - Path: Assets/SimplePoly City - Low Poly Assets/Materials/Building_Factory.mat' with importer (NativeFormatImporter)
Imported 'GUID: abc266de8c01de040bfa48da3f006d12' -> (Import Result ID: 'a2a7478e5c9e1c864ff8a3c4399deb33') in 0.008 seconds [static dependencies only]. Details - ImportResultOutputID=f8909d7180d65a1e6211ad7c356dadf9 DependenciesID=71ad4b049db7e592f64a6a71043b9fc8 StaticDependenciesID=1e707ddacc46a63a75ab7f64ac58b246 
Importing 'GUID: 0c04fafcb420315419fdbbeb0fb78464 - Path: Assets/SimplePoly City - Low Poly Assets/Materials/Building_Fast Food.mat' with importer (NativeFormatImporter)
Imported 'GUID: 0c04fafcb420315419fdbbeb0fb78464' -> (Import Result ID: 'e2ef3ecd91fa183422c9a103c89208d2') in 0.008 seconds [static dependencies only]. Details - ImportResultOutputID=359416e449880ab4593419fae8433173 DependenciesID=9f03a7e4f4218d7315ae819eb15b031b StaticDependenciesID=7319c4c617850084508321e23ded707f 
Importing 'GUID: dcbee53a8041c594aaf20d616c6ed33a - Path: Assets/SimplePoly City - Low Poly Assets/Materials/Props_BillBoard_small.mat' with importer (NativeFormatImporter)
Imported 'GUID: dcbee53a8041c594aaf20d616c6ed33a' -> (Import Result ID: '83e298cbefe385742d4db8a4496636b5') in 0.008 seconds [static dependencies only]. Details - ImportResultOutputID=a561b3720b3d74b1cdc753ad5bd92086 DependenciesID=ac4702d57bd6cd14e0e51560d9777d5b StaticDependenciesID=1e8a24748991e1edc44463dce944bb3a 
Importing 'GUID: ecb113d6169c1ea49ae708ac05a9128c - Path: Assets/SimplePoly City - Low Poly Assets/Materials/Building_House_04_color03.mat' with importer (NativeFormatImporter)
Imported 'GUID: ecb113d6169c1ea49ae708ac05a9128c' -> (Import Result ID: '7828c18ae50e1c7ffe19a299d13af033') in 0.008 seconds [static dependencies only]. Details - ImportResultOutputID=1aa6e243bf764ebad1002a83c6033ed8 DependenciesID=aa7c116de9021522254a21eecb62fbfd StaticDependenciesID=5345954e83c3d75dcaf3dcf61270b722 
Importing 'GUID: 8d937782c962a9044a28c21514c73ffb - Path: Assets/SimplePoly City - Low Poly Assets/Materials/Vehicle_Truck_color01.mat' with importer (NativeFormatImporter)
Imported 'GUID: 8d937782c962a9044a28c21514c73ffb' -> (Import Result ID: '6e128f57a219e0ea3bf850320b2dd34e') in 0.010 seconds [static dependencies only]. Details - ImportResultOutputID=384bfb61112caacca3a08c0604d50722 DependenciesID=533c3f19da99e1d675e207bdc738fbd9 StaticDependenciesID=bf00f1c9e83f502b3ebb0bf922d4c102 
Importing 'GUID: fded615538aced440887a3468715a826 - Path: Assets/SimplePoly City - Low Poly Assets/Materials/Vehicle_Ambulance.mat' with importer (NativeFormatImporter)
Imported 'GUID: fded615538aced440887a3468715a826' -> (Import Result ID: 'bcedcdaa60e2007c21103e72be5c50a8') in 0.011 seconds [static dependencies only]. Details - ImportResultOutputID=68fefb78f8c9a763c3905fb678597193 DependenciesID=6133205b7832a3f97071bcfa66c47271 StaticDependenciesID=46d921f8c0f0739fed5022d71e84fc65 
Importing 'GUID: 0ea03c6aa98d5224cb797d69c8ef34ca - Path: Assets/SimplePoly City - Low Poly Assets/Materials/Props_TrafficProps.mat' with importer (NativeFormatImporter)
Imported 'GUID: 0ea03c6aa98d5224cb797d69c8ef34ca' -> (Import Result ID: 'd29d24208337ad1f7b333706d62093af') in 0.012 seconds [static dependencies only]. Details - ImportResultOutputID=fb8e1777c492af76132b78d5462f7408 DependenciesID=f8178eedb85beec50397fa4a48125f02 StaticDependenciesID=6176c1bfb561bcb96cc407c630cd529e 
Importing 'GUID: 0ee6e621355b5ac4da1102c54fbb63d8 - Path: Assets/SimplePoly City - Low Poly Assets/Materials/Building_House_03_color03.mat' with importer (NativeFormatImporter)
Imported 'GUID: 0ee6e621355b5ac4da1102c54fbb63d8' -> (Import Result ID: '225e734a597310c8e23fbd034f505f3d') in 0.011 seconds [static dependencies only]. Details - ImportResultOutputID=b2e05d4803df59edfcf5a6e726d67e12 DependenciesID=1d26fec43695f6a929c55ee1d264ade4 StaticDependenciesID=d9cd13e12653ab6ab554d081b62910e2 
Importing 'GUID: 3ec7be87852e30f49a754a666cd49e56 - Path: Assets/SimplePoly City - Low Poly Assets/Materials/Vehicle_Pick up Truck_color01.mat' with importer (NativeFormatImporter)
Imported 'GUID: 3ec7be87852e30f49a754a666cd49e56' -> (Import Result ID: '5f67ff201bf1d62416fc44adccdf8045') in 0.009 seconds [static dependencies only]. Details - ImportResultOutputID=9ac5e9b34658085e44dfef5d365d26e2 DependenciesID=339a89c24227991c4023ce8f2a5d531b StaticDependenciesID=b8108b0e6bd588d3fd4c5431e82e772b 
Importing 'GUID: 5e29c495f3970b64f9d09ce50f034ed4 - Path: Assets/SimplePoly City - Low Poly Assets/Materials/Vehicle_Container_color03.mat' with importer (NativeFormatImporter)
Imported 'GUID: 5e29c495f3970b64f9d09ce50f034ed4' -> (Import Result ID: 'e7365c85d82a7b7f4b6b9d4488f5645a') in 0.009 seconds [static dependencies only]. Details - ImportResultOutputID=251854167162b8e86f389ce3d8943496 DependenciesID=fea5fe21ba5a547e64fd4a0ad3776e63 StaticDependenciesID=50a9a1b620b77c1a0d39d24f0e09e7e7 
Importing 'GUID: 7e719e1ad4449a2489e25a6f4d6e8019 - Path: Assets/SimplePoly City - Low Poly Assets/Materials/Vehicle_Truck_color03.mat' with importer (NativeFormatImporter)
Imported 'GUID: 7e719e1ad4449a2489e25a6f4d6e8019' -> (Import Result ID: '50343701f526ec855e52e930a0f94e56') in 0.009 seconds [static dependencies only]. Details - ImportResultOutputID=f2c49ecf8f8a581183439ba3d83e5525 DependenciesID=1f3e9c3e8bc0d77bf5390dec9f0600e6 StaticDependenciesID=1dc41a8c9d9239cd38d4590ab1d64952 
Importing 'GUID: 9e031cf10ecdeb64486f21e9f55ffcfd - Path: Assets/SimplePoly City - Low Poly Assets/Materials/Props_RoofProps.mat' with importer (NativeFormatImporter)
Imported 'GUID: 9e031cf10ecdeb64486f21e9f55ffcfd' -> (Import Result ID: '6f27a83e67f6ea2105813cb0390d4df0') in 0.008 seconds [static dependencies only]. Details - ImportResultOutputID=ca3cf66d85df850edee523510557a76e DependenciesID=794451f14af9e2be5533214f59903f80 StaticDependenciesID=eaabaca36796292fd2f87b1b15c8d06e 
Importing 'GUID: ae4c28532c8b3154a80bef6e9ca5939c - Path: Assets/SimplePoly City - Low Poly Assets/Materials/Building_Fruits  Shop.mat' with importer (NativeFormatImporter)
Imported 'GUID: ae4c28532c8b3154a80bef6e9ca5939c' -> (Import Result ID: '5d6fe9c02665a316d2326812f3d87297') in 0.009 seconds [static dependencies only]. Details - ImportResultOutputID=5281b676b40a803cc200f5d040bb1360 DependenciesID=c2b797981ff164ff6d312b9a7a6361fc StaticDependenciesID=bfd1b28491c1e6e7741f202d421b5356 
Importing 'GUID: 0f42aff1d68094547961d46298d2dba2 - Path: Assets/SimplePoly City - Low Poly Assets/Materials/Building_Bakery.mat' with importer (NativeFormatImporter)
Imported 'GUID: 0f42aff1d68094547961d46298d2dba2' -> (Import Result ID: '6cc4ea4cc1d880d0ceed7f3ab017df2c') in 0.010 seconds [static dependencies only]. Details - ImportResultOutputID=c933275c6f4e306d84fbe0035236e177 DependenciesID=f78ab0a207a78547c8273be534f47753 StaticDependenciesID=29b623a90d7da5d0240cf6dec93c3734 
Importing 'GUID: 1ff3955181d667949a055e4e15ec3e8a - Path: Assets/SimplePoly City - Low Poly Assets/Materials/Vehicle_Bus_color02.mat' with importer (NativeFormatImporter)
Imported 'GUID: 1ff3955181d667949a055e4e15ec3e8a' -> (Import Result ID: '9586346fc913e3f0c70105329e989dc1') in 0.013 seconds [static dependencies only]. Details - ImportResultOutputID=af827ded19188c4498dfd8b2ff93362b DependenciesID=e88560e614167530acd326f425c68bde StaticDependenciesID=92ea57f1f01b2a78dbdcbe89346cba38 
Importing 'GUID: 8f1cbf7d8b46f0c44ab5e32bfc3041a6 - Path: Assets/SimplePoly City - Low Poly Assets/Materials/Building Sky_small_color03.mat' with importer (NativeFormatImporter)
Imported 'GUID: 8f1cbf7d8b46f0c44ab5e32bfc3041a6' -> (Import Result ID: 'cc59f94430bd258f2beebc3dcc497f10') in 0.011 seconds [static dependencies only]. Details - ImportResultOutputID=41783b41f1783ef51440416f3d91f8f7 DependenciesID=8fb257d7a57efcc9073659fdb8686ea1 StaticDependenciesID=54a0b2b395272ed3e179278dc8225a08 
Importing 'GUID: bf630e064503ad541ab39df076952029 - Path: Assets/SimplePoly City - Low Poly Assets/Materials/Building_Gift Shop.mat' with importer (NativeFormatImporter)
Imported 'GUID: bf630e064503ad541ab39df076952029' -> (Import Result ID: 'a68ad6873c176cb9d713efb80f81778e') in 0.010 seconds [static dependencies only]. Details - ImportResultOutputID=840a272c7b4ec7bd4c51692047d7a3bc DependenciesID=f758dec36563ec9da414a0304952963d StaticDependenciesID=c2a2895a58bf8f68d7f5e053a4aa168c 
Importing 'GUID: cf528230e5d0dcd42ab2d20dcda96917 - Path: Assets/SimplePoly City - Low Poly Assets/Materials/Building Sky_small_color01.mat' with importer (NativeFormatImporter)
Imported 'GUID: cf528230e5d0dcd42ab2d20dcda96917' -> (Import Result ID: 'f61c0ffb5fe10155353aa9170ea065cd') in 0.012 seconds [static dependencies only]. Details - ImportResultOutputID=50d052d8828af991f4e99133e4602cf3 DependenciesID=94d27227ea474a11404d772eb0c954d8 StaticDependenciesID=1e6fad28eb1d404f13e089262ce91844 

Asset Pipeline Refresh (id=a5b2ecab8bd27e748ac451b60c506d8c): Total: 8.771 seconds - Initiated by RefreshV2(AllowForceSynchronousImport)
	(Values over 0.05ms)
	Summary:
		Imports: total=70 (actual=70, local cache=0, cache server=0)
		Asset DB Process Time: managed=5 ms, native=2599 ms
		Asset DB Callback time: managed=66 ms, native=10 ms
		Scripting: domain reloads=1, domain reload time=1039 ms, compile time=5050 ms, other=0 ms
		Project Asset Count: scripts=408, non-scripts=1006
		Asset File Changes: new=0, changed=71, moved=0, deleted=0
		Scan Filter Count: 0
	InvokePackagesCallback: 4.825ms
	ApplyChangesToAssetFolders: 0.445ms
	Scan: 19.219ms
	Collect global state as custom dependencies: 0.184ms
	OnSourceAssetsModified: 1.292ms
	CategorizeScriptCompilationAssets: 0.103ms
	ProcessAssetsWithTransientArtifactChanges: 1.421ms
	CategorizeAssets: 9.792ms
	CompileScripts: 5049.618ms
	ImportOutOfDateAssets: 2534.225ms (1768.778ms without children)
		ImportManagerImport: 756.017ms (4.915ms without children)
			UpdateCategorizedAssets: 0.402ms
		ReloadNativeAssets: 2.329ms
		UnloadImportedAssets: 0.181ms
		EnsureUptoDateAssetsAreRegisteredWithGuidPM: 0.348ms
		ImportSchedulerStart: 6.551ms
	PostProcessAllAssets: 69.768ms
		PostprocessAssetsUpdateCachedIcon 0.354ms
		PostProcessCallbackCreateDeferredMaterials 0.108ms
		ShaderAssetModifiedCallback 0.105ms
		RaytracingShaderImportPostprocess 0.081ms
		ComputeShaderImportPostprocess 0.076ms
		SpeedTreeImporter.PostprocessAllAssets 0.073ms
		MonoPostProcessAllAssets: 65.296ms
			WindowAssetPostprocessingWatcher.OnPostprocessAllAssets 11.489ms
			SyncVS.PostprocessSyncProject 10.961ms
			AssetChangedListener.OnPostprocessAllAssets 8.192ms
			BuilderAssetPostprocessor.OnPostprocessAllAssets 7.740ms
			AssetPostprocessor.OnPostprocessAllAssets 6.285ms
			RetainedModeAssetPostprocessor.OnPostprocessAllAssets 1.584ms
			EditModeScopePostprocessor.OnPostprocessAllAssets 1.226ms
			SpeedTree9Postprocessor.OnPostprocessAllAssets 1.167ms
			TMPro_TexturePostProcessor.OnPostprocessAllAssets 1.014ms
			TextAssetPostProcessor.OnPostprocessAllAssets 0.759ms
			ArtifactBrowserPostProcessor.OnPostprocessAllAssets 0.715ms
			ReferencedClipsPostProcessor.OnPostprocessAllAssets 0.607ms
			AudioMixerPostprocessor.OnPostprocessAllAssets 0.447ms
			StyleCatalogPostProcessor.OnPostprocessAllAssets 0.398ms
			AssetEvents.OnPostprocessAllAssets 0.310ms
			SpeedTreePostProcessor.OnPostprocessAllAssets 0.308ms
			RenderPipelineGlobalSettingsPostprocessor.OnPostprocessAllAssets 0.238ms
			TerrainToolbarOverlayPostProcessor.OnPostprocessAllAssets 0.191ms
			AssetDatabaseCallbacks.OnPostprocessAllAssets 0.177ms
			ConfigAssetsTracker.OnPostprocessAllAssets 0.157ms
			ScenarioDriftAssetsTracker.OnPostprocessAllAssets 0.145ms
			AudioContainerPostProcessor.OnPostprocessAllAssets 0.092ms
	PostAssetChangesProfiler: 4.818ms
	GatherAllCurrentPrimaryImportResultRevisions: 0.279ms
	PersistCurrentRevisions: 0.376ms
	UnloadStreamsEnd: 0.161ms
	GenerateScriptTypeHashes: 1.199ms
	GenerateScriptTypeSerializationHashes: 2.829ms
	Untracked: 1069.711ms

[Licensing::Client] Successfully resolved entitlement details
Asset Pipeline Refresh (id=1fd7a6e716c52ed42a7d518467a3e86a): Total: 0.008 seconds - Initiated by RefreshV2(AllowForceSynchronousImport)
Reloading assemblies for play mode.
Reloading assemblies after forced synchronous recompile.
Begin MonoManager ReloadAssembly
Native extension for WindowsStandalone target not found
ScheduleIndexationOnStartup MainProcess:True IndexOnStartup:True
[MODES] ModeService[none].Initialize
[MODES] ModeService[none].LoadModes
Mono: successfully reloaded assembly
- Finished resetting the current domain, in  1.483 seconds
Domain Reload Profiling: 2367ms
	BeginReloadAssembly (635ms)
		DisableScriptedObjects (219ms)
		CreateAndSetChildDomain (210ms)
	RebuildCommonClasses (11ms)
	RebuildNativeTypeToScriptingClass (22ms)
	initialDomainReloadingComplete (64ms)
	LoadAllAssembliesAndSetupDomain (152ms)
		LoadAssemblies (129ms)
		AnalyzeDomain (10ms)
			TypeCache.Refresh (5ms)
	FinalizeReload (1484ms)
		SetupLoadedEditorAssemblies (0ms)
			BeforeProcessingInitializeOnLoad (114ms)
			ProcessInitializeOnLoadAttributes (123ms)
			ProcessInitializeOnLoadMethodAttributes (103ms)
			AfterProcessingInitializeOnLoad (10ms)
		AwakeInstancesAfterBackupRestoration (672ms)

Asset Pipeline Refresh (id=31bb9003fe0a124468cc6edfd8b9cad9): Total: 2.514 seconds - Initiated by StopAssetImportingV2(ForceSynchronousImport | ForceDomainReload)
	(Values over 0.05ms)
	Summary:
		Imports: total=0 (actual=0, local cache=0, cache server=0)
		Asset DB Process Time: managed=0 ms, native=1541 ms
		Asset DB Callback time: managed=38 ms, native=0 ms
		Scripting: domain reloads=1, domain reload time=930 ms, compile time=3 ms, other=0 ms
		Project Asset Count: scripts=408, non-scripts=1006
		Asset File Changes: new=0, changed=0, moved=0, deleted=0
		Scan Filter Count: 0
	InvokePackagesCallback: 2.650ms
	ApplyChangesToAssetFolders: 0.258ms
	Collect global state as custom dependencies: 0.130ms
	CategorizeAssets: 9.194ms
	CompileScripts: 2.920ms
	ImportOutOfDateAssets: 1493.489ms (1486.839ms without children)
		ReloadNativeAssets: 0.576ms
		UnloadImportedAssets: 0.175ms
		EnsureUptoDateAssetsAreRegisteredWithGuidPM: 0.266ms
		ImportSchedulerStart: 5.619ms
	PostProcessAllAssets: 38.995ms
		MonoPostProcessAllAssets: 38.986ms
			SyncVS.PostprocessSyncProject 14.041ms
			WindowAssetPostprocessingWatcher.OnPostprocessAllAssets 11.816ms
			AssetChangedListener.OnPostprocessAllAssets 8.192ms
			BuilderAssetPostprocessor.OnPostprocessAllAssets 7.740ms
			AssetPostprocessor.OnPostprocessAllAssets 6.285ms
			RetainedModeAssetPostprocessor.OnPostprocessAllAssets 1.584ms
			TMPro_TexturePostProcessor.OnPostprocessAllAssets 1.014ms
			SpeedTree9Postprocessor.OnPostprocessAllAssets 0.883ms
			TextAssetPostProcessor.OnPostprocessAllAssets 0.759ms
			ArtifactBrowserPostProcessor.OnPostprocessAllAssets 0.715ms
			AudioMixerPostprocessor.OnPostprocessAllAssets 0.447ms
			StyleCatalogPostProcessor.OnPostprocessAllAssets 0.398ms
			EditModeScopePostprocessor.OnPostprocessAllAssets 0.358ms
			ReferencedClipsPostProcessor.OnPostprocessAllAssets 0.325ms
			AssetEvents.OnPostprocessAllAssets 0.310ms
			SpeedTreePostProcessor.OnPostprocessAllAssets 0.308ms
			AssetDatabaseCallbacks.OnPostprocessAllAssets 0.176ms
			TerrainToolbarOverlayPostProcessor.OnPostprocessAllAssets 0.165ms
			ConfigAssetsTracker.OnPostprocessAllAssets 0.157ms
			ScenarioDriftAssetsTracker.OnPostprocessAllAssets 0.145ms
			RenderPipelineGlobalSettingsPostprocessor.OnPostprocessAllAssets 0.093ms
			AudioContainerPostProcessor.OnPostprocessAllAssets 0.092ms
	GatherAllCurrentPrimaryImportResultRevisions: 0.074ms
	PersistCurrentRevisions: 0.051ms
	GenerateScriptTypeHashes: 1.175ms
	GenerateScriptTypeSerializationHashes: 2.682ms
	Untracked: 960.144ms

Loaded scene 'Temp/__Backupscenes/0.backup'
	Deserialize:            6.759 ms
	Integration:            35.581 ms
	Integration of assets:  0.006 ms
	Thread Wait Time:       0.048 ms
	Total Operation Time:   42.395 ms
[Licensing::Client] Successfully resolved entitlement details
Pause Menu dibuka
UnityEngine.Debug:ExtractStackTraceNoAlloc (byte*,int,string)
UnityEngine.StackTraceUtility:ExtractStackTrace ()
UnityEngine.DebugLogHandler:Internal_Log (UnityEngine.LogType,UnityEngine.LogOption,string,UnityEngine.Object)
UnityEngine.DebugLogHandler:LogFormat (UnityEngine.LogType,UnityEngine.Object,string,object[])
UnityEngine.Logger:Log (UnityEngine.LogType,object)
UnityEngine.Debug:Log (object)
PauseMenu:OpenPauseMenu () (at Assets/_Project/Scripts/PauseMenu.cs:37)
PauseMenu:Update () (at Assets/_Project/Scripts/PauseMenu.cs:30)

(Filename: Assets/_Project/Scripts/PauseMenu.cs Line: 37)

Unloading 0 Unused Serialized files (Serialized files now loaded: 0)
Loaded scene 'Temp/__Backupscenes/0.backup'
	Deserialize:            3.832 ms
	Integration:            15.112 ms
	Integration of assets:  0.005 ms
	Thread Wait Time:       0.043 ms
	Total Operation Time:   18.992 ms
Unloading 18 unused Assets / (102.4 KB). Loaded Objects now: 3178.
Memory consumption went from 400.3 MB to 400.2 MB.
Total: 12.408200 ms (FindLiveObjects: 0.261600 ms CreateObjectMapping: 0.162900 ms MarkObjects: 11.926100 ms  DeleteObjects: 0.055500 ms)

Default GameObject Tag: Player already registered
[Licensing::Client] Successfully resolved entitlement details
MonoPathRemapper: Attempts to remap: 15830; Successful remaps: 2308
Serialized file version minimum: 23, current 23
[LAYOUT] About to save layout D:\Assets\UserSettings\Layouts\default-6000.dwlt
[LAYOUT] About to save layout C:/Users/marke/AppData/Roaming/Unity/Editor-5.x/Preferences\Layouts\current\default-6000.dwlt
